Id,y
1,78.22323608398438
2,93.86858367919922
3,79.12063598632812
4,77.98096466064453
5,112.54900360107422
8,92.07292938232422
10,112.67485046386719
11,94.34876251220703
12,116.23558044433594
14,94.61620330810547
15,115.95796203613281
16,104.51051330566406
17,95.16402435302734
19,95.5341796875
20,103.72742462158203
21,94.77344512939453
22,116.82150268554688
23,95.16402435302734
26,95.46231079101562
28,93.99148559570312
29,95.16402435302734
33,95.16402435302734
35,94.1637191772461
41,95.16402435302734
42,93.46908569335938
43,116.41914367675781
45,102.92164611816406
46,102.56250762939453
51,94.1829605102539
53,80.31311798095703
55,113.6259765625
56,93.24182891845703
57,103.45939636230469
58,94.1935806274414
59,103.92101287841797
63,111.84294128417969
64,94.80619812011719
65,107.07347106933594
69,93.73726654052734
71,95.07638549804688
72,103.81475067138672
73,94.4691390991211
76,103.92621612548828
77,103.79721069335938
78,115.87361907958984
82,94.83808898925781
83,107.07347106933594
84,94.67189025878906
85,103.4496841430664
87,112.55306243896484
88,95.16402435302734
89,113.42473602294922
91,93.50413513183594
93,94.50611114501953
94,103.526611328125
95,93.87216186523438
96,112.30928802490234
97,93.38272094726562
98,112.75558471679688
99,93.79637145996094
101,103.99573516845703
103,113.42473602294922
104,93.8633804321289
105,112.03546905517578
110,95.32455444335938
111,112.47078704833984
113,112.89698028564453
114,93.23265838623047
115,110.91168212890625
117,113.42473602294922
120,92.87383270263672
121,112.9259262084961
122,95.28584289550781
123,114.89682006835938
126,112.60879516601562
132,114.43584442138672
135,104.6198501586914
137,103.28739929199219
138,94.77700805664062
140,93.20682525634766
142,110.38154602050781
144,113.01461791992188
148,92.12460327148438
149,112.92935180664062
155,95.64794921875
156,112.49178314208984
157,93.38272094726562
162,112.73080444335938
163,94.96979522705078
167,94.31853485107422
172,116.41914367675781
179,113.21736907958984
180,95.10030364990234
181,111.21161651611328
182,95.48126220703125
183,113.42473602294922
185,113.42473602294922
187,113.03588104248047
188,94.49404907226562
189,93.74571228027344
191,93.54866790771484
192,110.3538818359375
193,94.79313659667969
194,111.86570739746094
195,94.78633117675781
196,112.56855010986328
198,96.26324462890625
199,112.48420715332031
201,102.8576889038086
204,94.7117691040039
205,105.03096008300781
206,94.21478271484375
210,94.06049346923828
211,103.99573516845703
216,112.29713439941406
219,116.23558044433594
220,93.78407287597656
221,111.74505615234375
226,111.21161651611328
227,93.58808135986328
228,112.39517211914062
230,112.16651916503906
231,93.38272094726562
235,116.82150268554688
236,93.6411361694336
238,112.3317642211914
242,103.77771759033203
243,93.33759307861328
244,78.88457489013672
245,111.48681640625
247,112.07002258300781
248,92.8264389038086
249,93.58767700195312
250,112.68975830078125
251,93.6411361694336
253,116.82150268554688
254,92.82398223876953
256,94.33235168457031
257,92.47713470458984
258,112.81847381591797
259,93.95751953125
262,80.5514907836914
266,93.45016479492188
267,112.27400970458984
272,102.74137115478516
273,113.42473602294922
275,96.77069854736328
276,112.50715637207031
279,94.66847229003906
280,107.07347106933594
283,93.59101104736328
285,112.54510498046875
288,113.42473602294922
289,94.4295883178711
290,103.24175262451172
291,94.4339599609375
292,112.39025115966797
293,112.33349609375
296,96.92784118652344
297,112.05574035644531
298,116.30715942382812
299,94.83808898925781
304,92.57975769042969
305,80.59416198730469
306,93.98255920410156
307,111.34857177734375
311,104.21996307373047
313,111.32050323486328
314,93.21527099609375
316,94.37696075439453
324,94.17052459716797
327,95.06809997558594
329,93.7440414428711
330,111.91732788085938
337,104.60106658935547
338,95.51071166992188
339,103.23445129394531
340,94.78482055664062
343,93.10527038574219
345,115.95796203613281
346,93.83773803710938
347,112.1557846069336
349,110.58152770996094
350,93.63418579101562
352,112.13711547851562
353,93.0047607421875
354,78.76140594482422
357,93.50296020507812
358,113.0235366821289
362,112.6020736694336
364,108.92314147949219
365,103.34648895263672
366,94.0376968383789
367,112.888671875
368,94.41593933105469
370,79.1793441772461
373,94.59559631347656
377,92.89966583251953
378,111.88707733154297
382,103.92621612548828
384,112.39517211914062
390,93.12676239013672
392,112.4541244506836
393,112.89616394042969
395,94.42085266113281
396,105.29161071777344
399,79.34307098388672
406,111.32050323486328
408,111.32050323486328
409,93.94483947753906
410,78.3349838256836
412,113.21797180175781
413,92.31373596191406
419,93.60662078857422
420,113.33812713623047
421,91.88206481933594
430,94.01309204101562
434,93.6119384765625
436,95.16773986816406
437,93.24353790283203
438,92.63675689697266
439,112.61491394042969
440,94.1370849609375
443,113.26470947265625
446,94.5099868774414
448,93.80975341796875
452,93.87184143066406
453,103.52975463867188
457,102.914306640625
458,94.14352416992188
459,113.00972747802734
460,103.8135986328125
462,103.62529754638672
464,102.82416534423828
465,116.23558044433594
467,112.25640106201172
471,111.5616683959961
472,78.19316864013672
473,93.58013916015625
475,94.62883758544922
480,94.40443420410156
488,112.3960952758789
490,111.34857177734375
491,103.64385986328125
492,78.99237060546875
493,94.15291595458984
497,93.08463287353516
498,112.02625274658203
499,94.14275360107422
500,102.53692626953125
501,94.38355255126953
502,112.1319351196289
506,79.69721984863281
510,111.40065002441406
511,93.19923400878906
512,93.56192016601562
516,93.89301300048828
518,92.10186767578125
519,112.25143432617188
521,92.96788024902344
522,113.76548767089844
526,113.03936004638672
529,94.45825958251953
532,112.1584243774414
533,93.83299255371094
536,112.80892181396484
537,93.61947631835938
539,94.71770477294922
540,103.5682373046875
541,94.41767120361328
543,94.05958557128906
546,112.6700210571289
547,93.09647369384766
548,79.52701568603516
551,93.87812805175781
552,103.3185806274414
556,103.79270935058594
557,95.75727844238281
558,112.888671875
559,94.7806625366211
560,104.1861572265625
562,105.05542755126953
566,93.21940612792969
570,112.02625274658203
571,93.24353790283203
572,107.07347106933594
573,94.61492919921875
575,116.23558044433594
576,113.202880859375
577,93.67169189453125
579,92.08433532714844
580,111.74833679199219
581,115.06621551513672
589,111.34857177734375
591,102.83877563476562
593,94.83045959472656
594,103.71987915039062
595,94.73011779785156
598,93.47471618652344
602,112.18870544433594
604,112.7235336303711
606,110.2559585571289
608,94.0376968383789
609,103.99573516845703
610,93.94493103027344
616,111.72258758544922
617,94.61474609375
618,103.11453247070312
620,104.49320983886719
622,112.44498443603516
623,92.65229797363281
624,112.42902374267578
626,112.04301452636719
628,112.55858612060547
629,94.15899658203125
630,112.16651916503906
637,93.74842071533203
638,104.1759262084961
643,94.81442260742188
645,94.40443420410156
646,114.42411804199219
648,94.75299072265625
652,93.14288330078125
653,93.01722717285156
654,112.02625274658203
656,111.95556640625
657,94.3287124633789
659,95.84008026123047
660,103.31475067138672
663,92.59970092773438
664,112.60202026367188
666,103.2674560546875
668,110.92406463623047
669,94.46031188964844
671,95.06475067138672
675,93.44120025634766
677,93.55818176269531
678,111.31637573242188
679,104.39582061767578
682,96.04736328125
685,103.29097747802734
687,93.75212860107422
688,93.55101013183594
693,111.88993072509766
696,95.09379577636719
698,95.11336517333984
701,94.06629180908203
704,103.5879898071289
705,115.96990203857422
709,112.47895812988281
710,93.34658813476562
711,104.05362701416016
712,94.246337890625
714,111.3957748413086
715,93.16384887695312
716,111.34857177734375
717,93.8735122680664
720,115.89134216308594
721,93.54866790771484
724,101.82784271240234
725,94.41202545166016
726,111.34203338623047
728,111.989990234375
731,93.15850067138672
734,104.1566162109375
738,93.50224304199219
745,112.20975494384766
746,93.52716827392578
751,78.54885864257812
754,93.38632202148438
756,92.92281341552734
758,93.15459442138672
759,110.21952056884766
761,116.9864501953125
766,94.35676574707031
767,113.59569549560547
768,92.65229797363281
769,112.3892822265625
770,93.50143432617188
771,78.99237060546875
772,104.0483169555664
773,93.76961517333984
774,111.71764373779297
776,112.39517211914062
777,93.99098205566406
780,116.35224914550781
782,103.5682373046875
787,103.14289093017578
788,94.71770477294922
792,92.28286743164062
793,112.52891540527344
798,95.79650115966797
800,92.57007598876953
806,111.34857177734375
809,112.22686767578125
811,113.3305435180664
812,93.1502456665039
814,116.1688003540039
816,103.41741943359375
817,94.79061889648438
818,105.4963150024414
820,111.3343734741211
823,94.29090118408203
829,91.7853012084961
830,110.69992065429688
831,91.60623931884766
834,111.58646392822266
839,94.47105407714844
841,78.71273803710938
844,103.99573516845703
845,94.30226135253906
848,92.57975769042969
850,95.09393310546875
851,103.70405578613281
852,93.6375732421875
854,93.0133285522461
855,95.17071533203125
856,103.53742980957031
859,103.31997680664062
861,111.71764373779297
864,93.25607299804688
865,111.39754486083984
866,92.87728118896484
867,93.05229187011719
869,94.13114166259766
871,93.00700378417969
872,111.34857177734375
882,102.759033203125
883,93.63725280761719
885,94.38150787353516
888,95.93155670166016
893,111.16940307617188
901,110.83897399902344
903,103.64385986328125
904,93.96168518066406
905,104.02397155761719
910,94.4380111694336
911,112.2369613647461
914,112.81842041015625
918,111.35098266601562
921,91.82814025878906
928,93.94099426269531
929,103.83414459228516
932,94.95574951171875
933,104.59632873535156
934,94.4380111694336
935,112.3337631225586
937,78.39280700683594
939,94.83808898925781
940,102.39888000488281
941,94.68675994873047
942,102.79466247558594
943,94.28754425048828
944,103.01747131347656
947,111.34857177734375
949,113.08134460449219
951,110.93468475341797
952,94.73728942871094
953,103.64385986328125
954,78.28827667236328
957,112.11624145507812
959,92.41844940185547
960,111.55806732177734
963,116.1688003540039
965,111.34857177734375
967,103.44973754882812
971,94.24070739746094
972,78.27909088134766
973,93.56332397460938
974,112.64097595214844
975,94.09617614746094
978,110.34272766113281
980,112.78749084472656
981,94.66577911376953
984,112.81842041015625
986,94.4380111694336
988,92.65229797363281
989,111.09358978271484
990,103.53608703613281
992,110.83897399902344
996,93.26497650146484
999,112.94651794433594
1000,94.8263931274414
1001,111.39754486083984
1002,92.35762023925781
1003,112.39517211914062
1004,92.30960083007812
1008,111.59349822998047
1009,93.90071105957031
1010,106.6785659790039
1012,111.42332458496094
1013,93.28439331054688
1014,112.82064056396484
1015,93.3212661743164
1016,116.0716781616211
1019,93.22007751464844
1020,111.58979034423828
1021,94.4380111694336
1022,103.28137969970703
1024,94.4380111694336
1025,78.43529510498047
1027,93.70551300048828
1028,103.93717193603516
1029,94.42963409423828
1030,93.94914245605469
1033,113.07743072509766
1036,93.4750747680664
1037,112.02641296386719
1038,92.94471740722656
1042,94.83808898925781
1043,102.73410034179688
1044,93.71309661865234
1045,111.60267639160156
1047,113.33049011230469
1050,94.06761169433594
1051,111.30630493164062
1054,94.14352416992188
1056,94.66577911376953
1057,93.79338836669922
1059,94.66919708251953
1062,94.8607177734375
1063,102.93888854980469
1064,94.66577911376953
1066,94.1672134399414
1070,103.66476440429688
1076,112.04792022705078
1077,93.91233825683594
1078,112.44584655761719
1080,112.9251708984375
1082,109.27383422851562
1083,94.88988494873047
1089,109.49622344970703
1091,95.90563201904297
1093,94.80628967285156
1097,94.74851989746094
1099,93.33745574951172
1101,94.4380111694336
1103,94.8282241821289
1104,112.26844787597656
1106,111.85596466064453
1109,93.18243408203125
1110,111.71635437011719
1111,96.21507263183594
1112,113.65423583984375
1114,94.1829605102539
1116,94.12556457519531
1117,112.98396301269531
1120,93.4109878540039
1124,113.03185272216797
1125,93.41995239257812
1126,112.79508209228516
1134,111.70027923583984
1137,93.16083526611328
1138,112.77207946777344
1144,111.23837280273438
1145,94.73011779785156
1146,93.21527099609375
1148,94.85833740234375
1150,93.30534362792969
1152,103.99573516845703
1153,94.47355651855469
1154,103.39108276367188
1155,94.49404907226562
1157,93.47313690185547
1162,94.83808898925781
1165,112.41664123535156
1166,93.5455093383789
1167,103.57432556152344
1168,94.60517120361328
1169,103.31997680664062
1171,116.82150268554688
1172,95.61283874511719
1173,103.31997680664062
1174,93.77359008789062
1176,94.29058837890625
1177,103.92011260986328
1178,93.50296020507812
1182,112.0968246459961
1186,94.40443420410156
1187,112.81532287597656
1188,93.58767700195312
1189,116.41914367675781
1191,105.2793960571289
1192,94.84014892578125
1197,113.2469482421875
1198,93.49588775634766
1200,78.54347229003906
1201,93.78810119628906
1203,95.0184097290039
1209,116.23558044433594
1214,103.82354736328125
1218,112.14488220214844
1222,94.22354125976562
1226,94.2512435913086
1228,94.16992950439453
1230,93.0884017944336
1232,78.65323638916016
1233,95.02527618408203
1236,112.97749328613281
1238,93.22573852539062
1241,111.23837280273438
1244,104.70988464355469
1246,94.46727752685547
1247,113.12503814697266
1250,112.40209197998047
1251,93.697021484375
1254,111.8666763305664
1255,93.59606170654297
1256,110.6932144165039
1257,93.36373138427734
1258,93.80762481689453
1259,111.40065002441406
1260,94.68986511230469
1263,111.28997802734375
1267,78.45449829101562
1268,111.93865203857422
1271,94.61698150634766
1272,111.16940307617188
1274,104.66427612304688
1275,94.83808898925781
1276,111.30630493164062
1277,92.3811264038086
1279,93.21527099609375
1281,94.95158386230469
1282,93.58767700195312
1283,112.96369171142578
1285,112.09245300292969
1286,93.2187728881836
1289,112.31220245361328
1296,113.42598724365234
1299,93.32855224609375
1301,93.26497650146484
1306,92.40509033203125
1307,93.52391815185547
1308,93.46061706542969
1313,111.30630493164062
1314,94.85262298583984
1315,111.71635437011719
1316,93.80093383789062
1317,111.27825164794922
1319,92.77857971191406
1323,94.36854553222656
1324,104.57271575927734
1325,93.8049545288086
1328,103.2498550415039
1329,94.09168243408203
1330,111.71764373779297
1331,93.19896697998047
1332,103.86299133300781
1337,94.61935424804688
1338,111.24838256835938
1339,92.96788024902344
1340,112.2787094116211
1343,112.45818328857422
1347,104.09606170654297
1348,93.56661224365234
1349,104.59930419921875
1352,93.21527099609375
1354,95.20612335205078
1359,111.82675170898438
1360,94.40210723876953
1363,111.27825164794922
1364,95.06809997558594
1365,103.91070556640625
1366,93.52973175048828
1372,94.65971374511719
1375,103.47100830078125
1376,93.69295501708984
1378,93.27886199951172
1379,114.12010192871094
1380,94.4380111694336
1381,103.31997680664062
1384,110.21050262451172
1387,93.32855224609375
1388,112.55663299560547
1392,79.92218017578125
1394,103.42642974853516
1395,94.57180786132812
1396,111.32050323486328
1398,94.5572280883789
1399,111.32050323486328
1400,94.12374877929688
1401,93.98641204833984
1403,94.60904693603516
1404,109.77307891845703
1406,111.32050323486328
1407,94.12869262695312
1408,111.28997802734375
1410,78.45449829101562
1412,111.34857177734375
1413,94.75289916992188
1415,94.88137817382812
1420,111.28997802734375
1422,112.14488220214844
1423,99.03219604492188
1424,111.28997802734375
1425,94.80171966552734
1426,78.45449829101562
1427,95.0184097290039
1429,92.66846466064453
1430,112.53097534179688
1431,94.86053466796875
1432,105.25208282470703
1434,112.49519348144531
1437,94.73509216308594
1438,104.77018737792969
1440,112.48107147216797
1441,113.05496978759766
1442,93.50296020507812
1444,112.03800201416016
1445,95.22672271728516
1446,103.85564422607422
1448,93.26286315917969
1453,93.62714385986328
1454,111.34857177734375
1455,94.84014892578125
1456,110.71356201171875
1458,111.34857177734375
1459,93.41409301757812
1461,93.657470703125
1465,93.32855224609375
1466,112.8331298828125
1469,94.36854553222656
1472,93.62714385986328
1474,94.3218994140625
1477,112.3509521484375
1479,111.16437530517578
1482,93.3592300415039
1483,78.6261978149414
1487,93.96856689453125
1488,112.02625274658203
1490,112.95852661132812
1492,109.71467590332031
1494,116.32181549072266
1496,103.28590393066406
1497,94.26155853271484
1499,96.0309829711914
1502,93.1910171508789
1507,109.56774139404297
1508,93.21527099609375
1509,111.50328063964844
1511,93.52716827392578
1512,111.58077239990234
1513,115.36968231201172
1514,103.55178833007812
1518,112.59503173828125
1519,92.1791000366211
1522,112.529296875
1524,78.592529296875
1527,93.50296020507812
1529,92.92684173583984
1532,103.63542938232422
1536,112.77826690673828
1537,116.23558044433594
1539,105.0523452758789
1542,113.2906494140625
1543,93.69295501708984
1544,104.25373840332031
1545,78.7808837890625
1550,93.53699493408203
1551,112.46781158447266
1554,104.51051330566406
1556,103.99573516845703
1559,93.36373138427734
1560,77.96051788330078
1562,93.3689956665039
1566,92.25537872314453
1567,112.38230895996094
1569,103.24140930175781
1570,113.6618881225586
1571,112.1573486328125
1574,93.21527099609375
1578,103.5682373046875
1580,92.6416244506836
1583,112.77359771728516
1584,93.21527099609375
1585,112.04393005371094
1586,94.28913116455078
1587,112.39517211914062
1588,92.13428497314453
1590,114.894775390625
1592,103.33723449707031
1596,109.64885711669922
1598,111.60295104980469
1599,94.24793243408203
1604,111.2345199584961
1606,102.02263641357422
1607,94.75289916992188
1608,102.45323181152344
1609,116.82150268554688
1611,94.13404083251953
1613,94.74851989746094
1616,95.23002624511719
1619,113.6976547241211
1620,92.9693603515625
1621,112.13900756835938
1622,93.44408416748047
1625,110.83897399902344
1627,116.82150268554688
1629,111.43758392333984
1634,94.10347747802734
1636,94.8853530883789
1638,103.60633850097656
1639,93.7579116821289
1641,95.01199340820312
1643,94.52861785888672
1644,102.81610107421875
1645,116.41914367675781
1646,93.39797973632812
1647,104.56718444824219
1648,94.0452651977539
1652,92.6416244506836
1653,112.83041381835938
1656,96.95777893066406
1658,94.24793243408203
1659,111.86570739746094
1661,94.26705169677734
1663,94.75289916992188
1664,112.50082397460938
1665,94.4530258178711
1666,103.99573516845703
1667,102.46443176269531
1668,79.01282501220703
1669,102.6150131225586
1670,94.44224548339844
1672,112.78852081298828
1674,112.82064056396484
1677,112.02625274658203
1678,92.89115905761719
1679,112.13204193115234
1680,93.8419418334961
1683,103.77916717529297
1686,104.23682403564453
1687,112.19739532470703
1689,112.888671875
1690,94.07826232910156
1691,115.95796203613281
1692,113.0285415649414
1693,93.21527099609375
1695,93.9752197265625
1696,93.62714385986328
1697,111.91732788085938
1700,103.99573516845703
1701,94.04771423339844
1702,111.88417053222656
1703,92.89751434326172
1704,113.10055541992188
1706,94.6295166015625
1707,112.88329315185547
1708,94.5306625366211
1710,94.36372375488281
1711,103.24727630615234
1713,103.87248992919922
1717,103.30017852783203
1719,103.5682373046875
1720,93.7870101928711
1722,93.89849090576172
1725,103.6536865234375
1726,94.89555358886719
1727,106.00416564941406
1729,112.27763366699219
1730,92.73628997802734
1731,112.73324584960938
1733,103.99573516845703
1734,94.3939208984375
1735,112.14488220214844
1738,94.74851989746094
1742,94.36908721923828
1745,112.82064056396484
1747,94.1345443725586
1749,94.45466613769531
1751,94.1806411743164
1752,78.19940185546875
1753,103.06971740722656
1754,95.27032470703125
1755,94.62883758544922
1756,102.82396697998047
1758,112.47052001953125
1759,94.84014892578125
1760,103.24175262451172
1761,113.35246276855469
1762,93.10248565673828
1763,111.42225646972656
1764,90.07462310791016
1766,94.12120819091797
1768,94.18976593017578
1769,78.45449829101562
1771,112.51976776123047
1772,94.1932144165039
1773,103.75349426269531
1774,94.95726013183594
1775,114.46705627441406
1777,112.2848129272461
1779,94.84014892578125
1780,107.07347106933594
1787,92.89751434326172
1788,93.01368713378906
1790,94.25987243652344
1796,112.16651916503906
1801,92.08997344970703
1803,94.16807556152344
1807,112.22660064697266
1809,113.2558822631836
1812,93.27410125732422
1813,111.87345886230469
1814,95.5330810546875
1815,111.65165710449219
1816,94.91773223876953
1818,93.22592163085938
1820,92.92724609375
1821,113.29991149902344
1822,94.47628784179688
1825,93.4873275756836
1826,103.2260513305664
1828,94.50670623779297
1831,102.92198944091797
1836,109.69060516357422
1837,93.56647491455078
1841,94.3218994140625
1844,102.732421875
1848,93.12339782714844
1851,105.0523452758789
1852,94.73906707763672
1853,92.55651092529297
1854,111.57486724853516
1856,95.10071563720703
1859,113.62428283691406
1860,94.23330688476562
1861,78.50213623046875
1863,103.98796844482422
1865,94.68675994873047
1866,104.36380767822266
1867,94.69046020507812
1868,92.49327087402344
1872,94.57764434814453
1879,94.20433807373047
1880,103.4496841430664
1882,94.09231567382812
1885,103.77916717529297
1887,103.60774230957031
1888,94.01730346679688
1890,112.35230255126953
1894,94.82593536376953
1895,102.8473892211914
1896,94.45785522460938
1897,112.65262603759766
1900,113.09086608886719
1901,93.36373138427734
1902,113.08934783935547
1905,93.60824584960938
1906,111.56488800048828
1912,103.64385986328125
1915,94.96887969970703
1916,104.0229721069336
1917,94.40752410888672
1918,103.29425811767578
1920,78.29299926757812
1923,93.72664642333984
1924,103.82254791259766
1925,93.90545654296875
1930,116.82150268554688
1932,111.32050323486328
1933,94.03800964355469
1934,112.46597290039062
1935,92.92819213867188
1940,78.45449829101562
1941,93.30989074707031
1942,111.83541107177734
1943,94.76143646240234
1944,92.80036163330078
1945,109.81370544433594
1948,116.23558044433594
1949,93.52536010742188
1952,94.38432312011719
1954,93.21527099609375
1955,111.28997802734375
1958,93.94855499267578
1959,78.65232849121094
1960,111.42225646972656
1963,94.51786804199219
1965,94.07975769042969
1968,103.77237701416016
1969,95.06809997558594
1971,94.83955383300781
1972,112.3572769165039
1973,92.12491607666016
1975,91.98811340332031
1977,95.00892639160156
1978,95.35584259033203
1979,111.87141418457031
1981,92.03889465332031
1982,113.12498474121094
1987,112.81765747070312
1988,92.25537872314453
1993,95.51590728759766
1997,93.07655334472656
1999,94.13993835449219
2001,94.74851989746094
2002,112.5096435546875
2003,93.21940612792969
2004,79.70849609375
2006,111.54814147949219
2007,93.49372863769531
2009,104.10027313232422
2010,93.91523742675781
2013,94.84828186035156
2018,79.02545166015625
2022,105.18122863769531
2024,111.81378173828125
2025,94.82593536376953
2026,104.86520385742188
2030,103.72742462158203
2031,93.73667907714844
2032,103.64385986328125
2033,93.9946517944336
2035,93.78864288330078
2036,112.25829315185547
2037,92.74625396728516
2040,94.66847229003906
2043,113.58563995361328
2044,104.95044708251953
2046,103.23529815673828
2054,114.69495391845703
2055,94.64908599853516
2056,107.07347106933594
2059,92.82688903808594
2060,93.36373138427734
2062,93.22506713867188
2063,113.61274719238281
2066,94.82593536376953
2067,112.61241912841797
2072,94.18827056884766
2073,112.13096618652344
2074,96.19810485839844
2075,113.50409698486328
2076,93.01632690429688
2080,93.8710708618164
2082,93.36373138427734
2085,112.18114471435547
2087,112.38414001464844
2091,111.67556762695312
2092,94.59053802490234
2093,107.07347106933594
2098,94.9362564086914
2101,111.42225646972656
2102,93.41585540771484
2103,78.45449829101562
2105,104.606201171875
2106,94.61492919921875
2107,113.05094146728516
2110,93.87184143066406
2114,94.0604019165039
2115,111.87480163574219
2117,79.39978790283203
2118,94.0762710571289
2119,103.24568176269531
2120,94.62519073486328
2122,93.21675109863281
2123,112.34651947021484
2126,94.82205200195312
2127,103.65668487548828
2128,94.18368530273438
2129,112.540771484375
2132,95.61366271972656
2135,103.9876708984375
2138,94.34012603759766
2139,116.82150268554688
2141,110.9327621459961
2142,93.34767150878906
2146,95.06099700927734
2151,112.6751708984375
2157,104.35431671142578
2159,112.7986068725586
2162,94.49404907226562
2164,116.1384048461914
2167,92.05628967285156
2168,112.56779479980469
2171,93.3600845336914
2173,94.96320343017578
2174,104.53703308105469
2175,93.86994171142578
2178,94.4691390991211
2180,94.74851989746094
2185,112.35414123535156
2189,92.85328674316406
2190,112.61241912841797
2192,103.19966125488281
2194,112.65972900390625
2200,110.8209457397461
2201,93.51274108886719
2203,112.45401763916016
2204,93.1555404663086
2205,111.95745086669922
2209,110.01255798339844
2213,103.51903533935547
2214,93.24762725830078
2215,113.2396469116211
2216,93.41761016845703
2218,93.30156707763672
2219,104.2391357421875
2220,94.40210723876953
2222,92.40829467773438
2223,112.80599212646484
2225,112.7127456665039
2226,94.33953857421875
2230,94.47064208984375
2233,112.2126693725586
2234,111.8128662109375
2235,93.1555404663086
2236,78.33081817626953
2237,93.3087158203125
2240,113.36091613769531
2241,93.91442108154297
2248,104.05513000488281
2249,94.34908294677734
2250,111.72038269042969
2252,112.26072692871094
2253,94.6312026977539
2254,111.92255401611328
2256,78.25028991699219
2258,92.73221588134766
2259,112.60424041748047
2262,94.82593536376953
2265,94.71770477294922
2266,104.03779602050781
2269,94.05337524414062
2271,94.7080307006836
2273,92.82398223876953
2274,111.64623260498047
2275,93.78267669677734
2277,93.73748779296875
2279,93.1555404663086
2280,77.95916748046875
2282,94.74851989746094
2283,103.01122283935547
2288,92.42268371582031
2289,111.99063110351562
2291,94.28790283203125
2292,117.38121795654297
2297,94.45730590820312
2298,103.75373840332031
2299,94.1703872680664
2300,112.95494079589844
2301,92.75184631347656
2304,94.64908599853516
2305,102.41283416748047
2306,94.82593536376953
2308,93.44588470458984
2309,111.62684631347656
2311,93.71919250488281
2312,103.52701568603516
2316,103.14501953125
2321,103.24727630615234
2322,111.77801513671875
2325,104.10939025878906
2326,94.1159439086914
2329,117.38121795654297
2330,93.41450500488281
2331,102.5556411743164
2332,112.63447570800781
2333,94.82593536376953
2334,103.71708679199219
2335,110.6932144165039
2337,111.43951416015625
2338,94.3009033203125
2340,112.63447570800781
2342,96.09864807128906
2345,94.33244323730469
2349,93.73035430908203
2351,78.19966888427734
2352,94.48394012451172
2354,111.17213439941406
2355,112.74886322021484
2357,112.7127456665039
2358,93.65228271484375
2360,94.91374969482422
2361,111.17213439941406
2364,93.50296020507812
2366,94.80743408203125
2369,103.26770782470703
2370,94.69575500488281
2371,112.01844024658203
2373,109.70807647705078
2374,94.31776428222656
2376,112.39517211914062
2378,111.08145141601562
2382,94.94316864013672
2383,93.47183227539062
2386,102.9037094116211
2387,94.4681396484375
2389,93.98033905029297
2390,109.38068389892578
2392,92.96066284179688
2398,112.63447570800781
2399,94.30994415283203
2400,93.61203002929688
2401,112.11376190185547
2402,94.14352416992188
2404,93.04045104980469
2407,110.90282440185547
2408,111.64994049072266
2409,112.12767791748047
2412,79.8835220336914
2413,95.28327178955078
2415,94.01422119140625
2420,110.0572509765625
2422,94.32921600341797
2423,103.02863311767578
2426,94.13231658935547
2432,93.50472259521484
2434,92.45053100585938
2435,94.18037414550781
2436,112.65880584716797
2438,109.80371856689453
2440,112.08970642089844
2443,94.5941390991211
2444,93.45601654052734
2447,104.05513000488281
2450,93.95462036132812
2454,95.09196472167969
2455,112.74739837646484
2459,94.82593536376953
2460,111.57347106933594
2463,93.83999633789062
2465,94.09086608886719
2468,78.45449829101562
2469,93.21940612792969
2474,92.93978881835938
2478,94.15169525146484
2480,94.00493621826172
2481,113.36091613769531
2489,94.74851989746094
2490,103.72742462158203
2492,92.92819213867188
2496,94.82593536376953
2497,111.96951293945312
2500,94.22440338134766
2505,94.66847229003906
2507,92.3905258178711
2508,111.95745086669922
2509,94.61474609375
2510,79.88179016113281
2513,92.01986694335938
2515,94.74851989746094
2518,93.47183227539062
2519,108.88928985595703
2520,93.47183227539062
2521,113.0
2523,112.26353454589844
2525,94.24761199951172
2529,112.70672607421875
2530,93.68148803710938
2533,110.3548355102539
2535,93.33692169189453
2538,103.58818817138672
2544,110.1128158569336
2553,112.17094421386719
2556,93.14126586914062
2558,93.08283233642578
2559,112.2333984375
2560,93.499267578125
2561,112.7404556274414
2562,94.40238189697266
2563,114.60308074951172
2564,92.40509033203125
2565,112.2126693725586
2567,103.30554962158203
2572,93.98423767089844
2575,94.31062316894531
2576,112.41664123535156
2577,92.84098052978516
2578,94.50547790527344
2579,112.51917266845703
2580,93.21477508544922
2582,112.80132293701172
2583,93.63134002685547
2587,93.3541488647461
2589,112.98363494873047
2590,94.69739532470703
2591,112.70672607421875
2594,93.32198333740234
2597,94.16802978515625
2598,103.56021118164062
2599,95.35459899902344
2600,102.39661407470703
2602,112.85641479492188
2603,93.98423767089844
2604,103.0811767578125
2606,112.79035949707031
2607,78.19940185546875
2608,94.18827056884766
2613,111.95745086669922
2614,93.25800323486328
2615,111.93978881835938
2617,113.32939910888672
2620,93.30534362792969
2623,112.57206726074219
2624,94.18881225585938
2627,111.95745086669922
2629,78.19940185546875
2630,93.7706527709961
2632,94.20184326171875
2636,93.39942169189453
2639,94.19666290283203
2640,103.72776794433594
2642,112.70672607421875
2644,103.9876708984375
2646,111.95136260986328
2647,93.92320251464844
2649,93.840087890625
2650,103.1004409790039
2652,103.99573516845703
2653,102.11872100830078
2655,103.98186492919922
2657,112.63447570800781
2659,111.32050323486328
2662,93.09468078613281
2663,113.36091613769531
2664,94.4870376586914
2665,103.9425277709961
2670,94.1153564453125
2671,103.25836181640625
2672,93.97544860839844
2675,103.99573516845703
2677,112.21461486816406
2679,112.35635375976562
2683,112.74788665771484
2684,94.38177490234375
2685,93.90776824951172
2688,103.78211975097656
2689,94.78313446044922
2690,103.07125091552734
2693,94.75499725341797
2694,112.86146545410156
2697,104.70086669921875
2699,94.18699645996094
2703,93.35576629638672
2705,103.27332305908203
2709,78.71646118164062
2710,93.40027618408203
2711,113.98700714111328
2712,94.03900909423828
2713,94.16281127929688
2714,113.23948669433594
2715,94.29690551757812
2717,92.1047134399414
2718,112.17002868652344
2720,112.08749389648438
2721,93.68496704101562
2726,94.76075744628906
2728,93.48534393310547
2731,103.04942321777344
2732,111.23837280273438
2734,93.00848388671875
2736,103.49137878417969
2737,93.8362045288086
2738,102.93284606933594
2739,113.32345581054688
2746,93.30049133300781
2749,103.35589599609375
2751,116.41914367675781
2752,103.3237075805664
2753,94.51963806152344
2757,104.10027313232422
2758,94.06824493408203
2759,112.50250244140625
2760,94.10383605957031
2762,111.90365600585938
2764,93.98287963867188
2765,110.46730041503906
2769,113.0920639038086
2771,113.22913360595703
2774,93.29289245605469
2776,92.73758697509766
2777,111.2462387084961
2778,93.36373138427734
2779,112.55879974365234
2782,92.51311492919922
2784,93.67842102050781
2787,93.54014587402344
2789,94.59259033203125
2792,94.26042175292969
2798,95.5467529296875
2799,104.05297088623047
2800,93.70162963867188
2801,80.82372283935547
2802,93.06040954589844
2804,93.81842803955078
2807,103.91070556640625
2808,95.28648376464844
2809,110.36109924316406
2811,116.36540222167969
2812,94.5426025390625
2814,91.88140106201172
2816,94.1112289428711
2817,112.76090240478516
2818,111.2884750366211
2820,113.0122299194336
2821,80.26904296875
2822,94.04095458984375
2823,103.8208999633789
2824,93.92605590820312
2826,92.63948059082031
2829,93.39991760253906
2834,93.26420593261719
2835,78.83316802978516
2838,95.00086975097656
2839,112.02523040771484
2840,93.29176330566406
2841,111.22151184082031
2842,94.82593536376953
2846,113.71280670166016
2848,94.84636688232422
2849,92.58002471923828
2850,113.23948669433594
2851,94.83808898925781
2853,93.79216766357422
2854,112.70672607421875
2858,112.4099349975586
2861,94.54022979736328
2864,92.92819213867188
2865,113.36091613769531
2866,111.63591766357422
2867,92.873291015625
2868,112.99695587158203
2870,111.64617919921875
2877,94.12247467041016
2878,111.95745086669922
2880,112.42350769042969
2882,78.26971435546875
2883,94.77029418945312
2884,102.99629974365234
2885,93.31708526611328
2887,94.74851989746094
2888,112.45807647705078
2889,94.55558776855469
2890,103.84758758544922
2891,93.65074920654297
2892,116.1384048461914
2893,94.62773895263672
2898,113.7286148071289
2899,93.4291763305664
2900,113.62176513671875
2901,93.20265197753906
2909,94.36572265625
2910,112.5252914428711
2911,113.02750396728516
2913,112.0655517578125
2914,96.04264068603516
2918,94.1536865234375
2919,111.95174407958984
2920,94.14393615722656
2921,111.95745086669922
2922,94.8460922241211
2923,102.35062408447266
2925,111.44670104980469
2926,93.21477508544922
2927,113.18763732910156
2929,112.59503173828125
2933,92.82795715332031
2934,113.27255249023438
2936,110.00875091552734
2941,103.49696350097656
2942,93.39447021484375
2943,111.890625
2945,103.912353515625
2950,92.7134017944336
2951,112.11764526367188
2953,110.51280975341797
2954,94.8646469116211
2955,104.17301177978516
2956,95.6454086303711
2960,94.4266357421875
2962,95.05082702636719
2963,104.73953247070312
2964,103.85564422607422
2966,78.74285125732422
2967,94.23484802246094
2968,112.79660034179688
2969,91.98811340332031
2971,93.94329833984375
2972,94.45730590820312
2974,93.52639770507812
2975,112.02749633789062
2977,116.32181549072266
2980,112.64612579345703
2981,92.82437896728516
2983,94.49263763427734
2984,104.96060180664062
2985,117.38121795654297
2986,102.45283508300781
2987,94.45730590820312
2989,94.12655639648438
2990,112.3352279663086
2991,93.82715606689453
2992,78.45449829101562
2995,104.70086669921875
2996,103.20761108398438
3002,111.51728820800781
3004,113.87718200683594
3005,117.02212524414062
3006,93.83850860595703
3010,94.88768768310547
3011,103.39481353759766
3014,93.21477508544922
3015,94.20792388916016
3016,94.73509216308594
3017,110.29532623291016
3018,93.41283416748047
3021,103.08529663085938
3024,103.56021118164062
3028,93.16429901123047
3030,93.36373138427734
3032,94.07781219482422
3039,94.45785522460938
3040,103.49178314208984
3041,95.59919738769531
3043,94.68370819091797
3044,112.29685974121094
3046,111.37760925292969
3055,93.46133422851562
3056,112.96189880371094
3058,92.69124603271484
3059,108.7734375
3061,116.23558044433594
3063,104.55716705322266
3066,94.48243713378906
3067,103.56021118164062
3068,78.28350830078125
3069,93.68496704101562
3072,115.52921295166016
3073,112.87139892578125
3074,93.64889526367188
3077,93.58411407470703
3082,94.7916259765625
3084,104.70086669921875
3085,111.86909484863281
3088,103.9876708984375
3091,93.09064483642578
3092,113.58121490478516
3093,93.80142974853516
3094,103.04942321777344
3096,112.46597290039062
3097,92.73628997802734
3098,78.3027572631836
3102,115.83216094970703
3106,92.8924560546875
3109,93.9198989868164
3111,92.2440414428711
3112,117.02212524414062
3113,94.2574691772461
3115,94.18827056884766
3116,111.95707702636719
3117,94.04127502441406
3121,113.14610290527344
3122,93.23584747314453
3123,94.22440338134766
3124,102.8576889038086
3125,94.73509216308594
3126,102.84342956542969
3127,115.95796203613281
3129,92.83516693115234
3130,112.91474151611328
3132,103.9838638305664
3134,104.26101684570312
3135,94.40274810791016
3137,78.5291748046875
3138,94.52838897705078
3140,93.0494613647461
3144,112.21029663085938
3145,94.43341064453125
3146,111.93978881835938
3147,94.61811828613281
3148,104.6486587524414
3149,103.58968353271484
3150,112.63279724121094
3151,94.06815338134766
3152,94.56437683105469
3155,95.80181121826172
3156,113.23948669433594
3159,92.25453186035156
3161,94.61624908447266
3162,104.19654083251953
3163,94.48762512207031
3165,102.39710998535156
3172,93.2402114868164
3173,112.66010284423828
3176,93.98867797851562
3177,104.19929504394531
3179,112.02749633789062
3183,93.83592987060547
3186,94.35335540771484
3187,103.31729125976562
3189,112.42005157470703
3190,94.56797790527344
3192,115.95796203613281
3193,93.2402114868164
3194,113.36370086669922
3197,94.61698150634766
3198,94.52688598632812
3200,94.1428451538086
3201,116.2713623046875
3202,94.52688598632812
3204,94.66847229003906
3205,92.57100677490234
3206,113.28862762451172
3208,103.30286407470703
3210,103.27869415283203
3211,94.57987213134766
3212,116.23558044433594
3213,96.3814926147461
3214,111.93865203857422
3216,103.84758758544922
3219,93.14472198486328
3220,110.47054290771484
3221,94.2574691772461
3226,104.55817413330078
3227,95.09397888183594
3228,111.84503936767578
3229,94.15845489501953
3232,78.45449829101562
3233,94.11290740966797
3234,93.2337417602539
3236,94.8442153930664
3238,112.58143615722656
3239,111.35708618164062
3240,93.12353515625
3247,111.6624526977539
3249,103.15306854248047
3252,112.49178314208984
3253,94.39069366455078
3254,104.08673858642578
3255,93.93976593017578
3256,112.15853881835938
3257,94.27163696289062
3262,94.25265502929688
3263,103.99573516845703
3264,95.6454086303711
3266,113.80648803710938
3267,95.23664093017578
3269,94.29308319091797
3272,117.38121795654297
3274,94.61698150634766
3275,105.15474700927734
3277,94.19879913330078
3279,94.60362243652344
3280,104.13390350341797
3283,95.95407104492188
3285,94.74851989746094
3287,92.33358764648438
3288,103.56021118164062
3290,104.9444351196289
3291,93.1943359375
3298,112.31160736083984
3299,93.56169891357422
3302,111.55806732177734
3303,93.95833587646484
3304,104.42547607421875
3307,93.2883529663086
3309,92.72480010986328
3314,78.3274154663086
3316,113.33561706542969
3317,94.58415985107422
3319,93.97517395019531
3320,112.10728454589844
3321,94.15695190429688
3322,103.29605102539062
3324,92.08433532714844
3326,92.82339477539062
3329,110.96334838867188
3330,92.40509033203125
3331,112.32685089111328
3335,116.1384048461914
3337,94.91160583496094
3338,103.04078674316406
3339,95.80001068115234
3340,112.28519439697266
3341,95.89264678955078
3343,94.19439697265625
3346,92.62974548339844
3348,93.95783233642578
3351,103.56021118164062
3352,117.23177337646484
3355,92.75877380371094
3356,114.22357177734375
3358,103.61432647705078
3359,94.73906707763672
3360,111.83417510986328
3371,112.64433288574219
3372,94.70584106445312
3374,95.01969146728516
3377,113.21633911132812
3378,92.06671905517578
3380,103.22232055664062
3382,94.93428802490234
3386,94.21146392822266
3389,112.4242172241211
3391,103.25025939941406
3393,94.50556945800781
3394,103.49178314208984
3395,93.76152801513672
3397,111.95745086669922
3398,96.07994842529297
3399,79.4521713256836
3400,94.74851989746094
3404,103.11503601074219
3407,112.17035675048828
3409,103.50862121582031
3419,94.37918853759766
3421,94.38127899169922
3425,95.00888061523438
3427,79.23368835449219
3428,117.38121795654297
3429,112.64666748046875
3431,92.92388916015625
3435,94.3627700805664
3436,112.16889953613281
3439,95.00723266601562
3441,93.5191421508789
3442,117.38121795654297
3443,94.25265502929688
3444,103.46995544433594
3445,93.83991241455078
3446,109.95450592041016
3449,93.36373138427734
3453,93.25350952148438
3457,93.9273681640625
3460,103.4078598022461
3461,94.84161376953125
3462,93.62714385986328
3464,104.55716705322266
3465,78.28350830078125
3466,94.63922882080078
3467,103.8690414428711
3468,94.94577026367188
3469,104.43251037597656
3470,102.73296356201172
3472,112.70672607421875
3473,93.23265838623047
3475,92.63591003417969
3476,111.79888153076172
3478,104.23938751220703
3479,94.97386932373047
3483,93.39091491699219
3484,103.43424987792969
3485,94.49113464355469
3487,93.00265502929688
3488,112.60684204101562
3496,112.08123779296875
3497,94.7010498046875
3499,94.86053466796875
3500,78.30260467529297
3501,94.31062316894531
3504,94.30062866210938
3508,107.07347106933594
3511,93.4803466796875
3512,112.50498962402344
3515,93.70740509033203
3517,94.13957977294922
3518,102.86160278320312
3526,113.10990905761719
3528,112.51289367675781
3529,94.49299621582031
3530,112.04376983642578
3531,94.34112548828125
3532,111.74887084960938
3533,94.20924377441406
3534,93.8812484741211
3535,78.33880615234375
3536,93.72457122802734
3537,112.2522964477539
3538,93.39600372314453
3539,112.42740631103516
3540,103.65179443359375
3545,112.05228424072266
3546,91.93274688720703
3550,103.88544464111328
3551,94.28704071044922
3553,94.55467224121094
3554,103.4078598022461
3557,93.3087158203125
3558,112.77251434326172
3559,93.36373138427734
3561,94.0301742553711
3562,111.95745086669922
3563,93.51238250732422
3564,103.56021118164062
3565,93.83991241455078
3567,93.50458526611328
3571,103.56021118164062
3572,94.15985870361328
3574,94.92756652832031
3576,93.76256561279297
3577,112.18891906738281
3578,94.35590362548828
3579,93.65418243408203
3583,94.11263275146484
3585,94.73290252685547
3586,103.80040740966797
3587,112.16651916503906
3593,94.18599700927734
3594,111.99488830566406
3595,94.45785522460938
3599,93.75212860107422
3600,104.6723403930664
3601,112.70672607421875
3602,93.36373138427734
3604,94.29444885253906
3609,116.1445541381836
3610,112.2234115600586
3612,111.92142486572266
3614,115.59463500976562
3615,94.43541717529297
3617,95.15191650390625
3618,112.09930419921875
3619,112.58885955810547
3620,112.62960052490234
3621,94.02908325195312
3625,95.01685333251953
3626,103.66197204589844
3630,103.33723449707031
3631,94.9792709350586
3632,104.30419158935547
3633,94.66559600830078
3634,112.27400970458984
3637,93.51837921142578
3639,93.67814636230469
3640,112.72733306884766
3641,94.15936279296875
3644,114.00482940673828
3645,93.55277252197266
3646,93.48246002197266
3647,92.9104995727539
3648,111.7677993774414
3653,112.46273040771484
3654,94.03279876708984
3655,112.85120391845703
3659,103.0365219116211
3660,94.81127166748047
3662,112.11214447021484
3666,94.22703552246094
3668,95.32014465332031
3671,93.37871551513672
3673,93.83294677734375
3674,112.60186004638672
3675,93.4300765991211
3681,93.17745208740234
3682,112.41664123535156
3686,111.93865203857422
3687,92.83462524414062
3692,78.59431457519531
3695,112.65679931640625
3696,94.18159484863281
3699,114.0353775024414
3705,117.05933380126953
3707,78.45449829101562
3708,94.21096801757812
3709,112.93326568603516
3710,94.09231567382812
3712,94.01187133789062
3715,112.64097595214844
3716,93.50517272949219
3720,112.56437683105469
3722,78.45449829101562
3726,94.48844909667969
3728,92.84899139404297
3729,113.78568267822266
3731,103.03369140625
3735,112.6102523803711
3736,94.95208740234375
3739,102.29509735107422
3741,112.11608123779297
3743,103.20542907714844
3744,94.25987243652344
3745,112.89046478271484
3746,94.22140502929688
3751,93.33273315429688
3753,94.4452896118164
3760,112.16161346435547
3761,94.12724304199219
3762,111.92206573486328
3763,94.0125961303711
3765,94.00511932373047
3768,112.90653991699219
3769,93.75253295898438
3770,104.09776306152344
3773,113.16291809082031
3774,95.54716491699219
3776,94.41079711914062
3778,93.49530029296875
3779,112.8428955078125
3780,93.11164093017578
3781,111.71194458007812
3782,95.03621673583984
3783,112.81771087646484
3784,93.90772247314453
3786,94.48844909667969
3789,111.56177520751953
3790,94.87040710449219
3793,112.66720581054688
3795,112.42350769042969
3797,94.31475830078125
3798,117.38121795654297
3800,112.16889953613281
3804,96.50094604492188
3810,94.25428771972656
3815,113.02484130859375
3816,96.50094604492188
3818,103.73686218261719
3824,112.70672607421875
3828,103.8187484741211
3830,111.85435485839844
3831,95.21782684326172
3832,78.19940185546875
3834,112.34089660644531
3835,93.26331329345703
3836,112.82536315917969
3838,94.74851989746094
3839,116.23558044433594
3840,112.9949951171875
3845,93.49886322021484
3846,111.32050323486328
3847,94.13957977294922
3849,78.6729507446289
3853,111.88551330566406
3855,107.07347106933594
3856,94.59272766113281
3864,78.9747543334961
3865,95.61495208740234
3866,112.47257232666016
3867,92.81047058105469
3868,112.16889953613281
3869,94.99858093261719
3871,93.27783203125
3875,103.5325927734375
3876,93.59886169433594
3878,93.5788345336914
3879,112.1855697631836
3881,112.16889953613281
3883,112.74169921875
3884,92.96379852294922
3886,112.5628662109375
3890,94.86857604980469
3893,112.78700256347656
3897,104.53501892089844
3901,93.36571502685547
3902,111.42225646972656
3913,112.82422637939453
3914,93.49539184570312
3916,93.373046875
3917,112.17828369140625
3924,104.13641357421875
3925,94.42513275146484
3928,94.6544189453125
3929,112.7815170288086
3932,95.20333099365234
3933,103.84758758544922
3934,79.0765609741211
3935,92.92819213867188
3936,94.51667785644531
3937,111.32050323486328
3938,93.53211975097656
3939,112.82536315917969
3943,93.01323699951172
3944,112.70672607421875
3945,112.0968246459961
3946,95.81210327148438
3947,113.00608825683594
3948,94.08257293701172
3949,112.58143615722656
3950,93.8692626953125
3951,111.7943115234375
3952,93.62714385986328
3953,113.43357849121094
3961,112.9961929321289
3962,93.91039276123047
3966,93.98097229003906
3967,103.12590789794922
3968,94.47679138183594
3969,112.46927642822266
3970,95.17071533203125
3971,103.72742462158203
3973,93.13053894042969
3974,112.6174087524414
3975,112.30555725097656
3977,97.31501007080078
3979,112.125732421875
3985,94.62960815429688
3986,103.73466491699219
3988,112.6569595336914
3991,93.8362045288086
3992,104.25981140136719
3993,94.188720703125
3994,93.53022766113281
3995,113.04322052001953
4005,113.10599517822266
4007,93.90233612060547
4008,103.66142272949219
4009,94.4299545288086
4010,113.56111145019531
4011,79.21758270263672
4012,92.84290313720703
4013,105.0523452758789
4015,111.38629150390625
4016,112.80620574951172
4018,112.02749633789062
4025,94.4530258178711
4026,113.23948669433594
4028,113.22036743164062
4029,95.6717758178711
4031,93.44638061523438
4032,112.68758392333984
4033,93.49219512939453
4034,103.75373840332031
4037,94.361083984375
4038,103.30644226074219
4039,94.15804290771484
4041,94.55859375
4042,110.47075653076172
4043,94.58917236328125
4044,103.84758758544922
4045,95.42694091796875
4046,114.71630859375
4047,97.67269897460938
4048,104.40773010253906
4049,94.72692108154297
4051,94.23893737792969
4052,112.20796966552734
4058,103.4078598022461
4062,112.3372802734375
4064,114.00209045410156
4067,93.51170349121094
4068,78.2580337524414
4070,93.79424285888672
4072,115.86480712890625
4074,112.1455307006836
4075,93.77345275878906
4076,112.10540008544922
4077,93.70451354980469
4078,113.25032806396484
4080,103.84758758544922
4082,112.13096618652344
4085,93.98423767089844
4086,112.93815612792969
4088,113.23948669433594
4089,94.47883605957031
4092,77.95916748046875
4094,92.84510040283203
4095,112.19307708740234
4096,95.97496795654297
4097,102.73306274414062
4102,94.05632019042969
4105,109.92160034179688
4107,112.05692291259766
4111,93.83991241455078
4112,103.2330093383789
4113,94.18223571777344
4114,114.98583221435547
4115,92.9492416381836
4116,112.8681411743164
4117,94.27037048339844
4118,94.92921447753906
4119,112.3900375366211
4120,94.2356185913086
4122,79.89744567871094
4125,93.5455093383789
4126,112.748046875
4129,112.39517211914062
4134,112.51251220703125
4137,94.40784454345703
4141,102.682373046875
4142,94.6968002319336
4144,94.74851989746094
4145,104.13641357421875
4146,96.00975036621094
4150,93.8843765258789
4151,79.13290405273438
4154,93.51170349121094
4156,95.16751098632812
4157,112.40885162353516
4159,112.80620574951172
4160,94.78472900390625
4161,112.8428955078125
4168,94.73230743408203
4171,103.80050659179688
4172,105.59050750732422
4173,95.55347442626953
4175,93.21414947509766
4176,103.84758758544922
4177,94.74851989746094
4178,102.42417907714844
4179,94.3508529663086
4181,112.36927795410156
4183,95.6717758178711
4184,112.61280059814453
4185,93.06556701660156
4186,112.44995880126953
4188,112.3998794555664
4190,112.20073699951172
4192,93.31941986083984
4193,112.50656127929688
4194,113.18763732910156
4195,95.34040069580078
4196,78.19940185546875
4202,95.6454086303711
4203,103.81105041503906
4208,94.36035919189453
4209,112.29740142822266
4210,93.82145690917969
4211,110.4697494506836
4212,117.38121795654297
4214,104.23938751220703
4215,94.61811828613281
4216,112.11473083496094
4217,93.87505340576172
4219,95.5571060180664
4222,111.32050323486328
4224,79.59446716308594
4231,103.83369445800781
4232,95.6717758178711
4234,93.6856460571289
4236,94.74851989746094
4237,103.56021118164062
4240,94.3548583984375
4242,104.43864440917969
4243,94.87109375
4247,93.96286010742188
4248,113.3157730102539
4249,92.90597534179688
4254,103.59552001953125
4263,94.14706420898438
4265,111.93504333496094
4267,112.53465270996094
4268,112.14440155029297
4271,113.05126953125
4272,94.68675994873047
4273,112.2086181640625
4274,92.90132141113281
4276,94.16117858886719
4278,94.71770477294922
4280,94.45790100097656
4281,112.35452270507812
4283,94.9287109375
4284,111.92040252685547
4285,95.21167755126953
4286,112.1589126586914
4287,93.4620590209961
4288,115.94268798828125
4289,92.6823501586914
4290,79.41627502441406
4293,93.3808364868164
4296,110.0807113647461
4297,93.18122863769531
4299,93.43120574951172
4303,113.20484161376953
4310,94.56378936767578
4312,104.21710205078125
4318,103.56021118164062
4320,113.59143829345703
4322,94.22554016113281
4323,115.53099060058594
4325,104.0483169555664
4326,112.11861419677734
4328,104.12588500976562
4330,103.85719299316406
4332,112.20057678222656
4333,94.55535888671875
4335,94.76285552978516
4336,111.83153533935547
4338,104.83199310302734
4341,94.66632843017578
4342,104.70499420166016
4344,103.4078598022461
4347,95.4615707397461
4348,103.9876708984375
4351,103.38988494873047
4352,94.2324447631836
4353,112.89323425292969
4355,104.05462646484375
4356,93.98423767089844
4359,103.27864837646484
4360,94.49263763427734
4361,93.37984466552734
4364,95.57170867919922
4365,104.6087646484375
4368,94.33021545410156
4372,93.99433898925781
4374,92.34159851074219
4376,94.35658264160156
4377,103.52093505859375
4380,94.68576049804688
4383,105.75846099853516
4384,94.71770477294922
4385,102.93492126464844
4389,93.58208465576172
4391,94.10429382324219
4392,112.0925064086914
4393,93.14386749267578
4395,93.5664291381836
4396,111.95745086669922
4398,112.62336730957031
4399,95.1135025024414
4401,92.62943267822266
4406,94.41921997070312
4408,104.37712097167969
4412,103.9876708984375
4415,94.61620330810547
4418,113.34859466552734
4419,92.34159851074219
4420,78.29806518554688
4422,112.70672607421875
4423,92.34159851074219
4425,94.68649291992188
4428,112.60299682617188
4431,112.38749694824219
4434,93.78850555419922
4436,94.11743927001953
4437,111.03298950195312
4439,116.23558044433594
4440,93.81842803955078
4441,112.47144317626953
4444,94.37091064453125
4445,104.23938751220703
4446,94.37741088867188
4447,113.81951904296875
4452,103.21278381347656
4456,113.02250671386719
4457,93.83991241455078
4458,111.99359893798828
4460,93.98423767089844
4461,116.38331604003906
4462,94.02323913574219
4465,102.64535522460938
4466,103.82389831542969
4468,95.10589599609375
4469,104.17211151123047
4472,112.60039520263672
4475,94.28245544433594
4478,93.35787963867188
4479,112.00157165527344
4480,93.95244598388672
4483,79.20687103271484
4484,93.45922088623047
4485,103.89299774169922
4486,95.17071533203125
4488,93.41216278076172
4489,104.7145767211914
4490,94.47137451171875
4491,95.94644165039062
4492,94.79061889648438
4493,104.0667495727539
4494,94.17497253417969
4495,102.947509765625
4498,78.5291748046875
4499,93.77164459228516
4500,102.24610137939453
4503,112.9758071899414
4505,102.67219543457031
4506,94.0518798828125
4507,94.7181167602539
4508,103.56021118164062
4510,112.41664123535156
4511,92.1213150024414
4513,95.20612335205078
4516,78.50411224365234
4519,93.17044830322266
4521,93.81114959716797
4531,93.5083236694336
4532,78.61970520019531
4533,94.67276000976562
4534,111.95626831054688
4536,103.56021118164062
4537,93.83991241455078
4539,95.60394287109375
4542,103.07795715332031
4545,93.15863800048828
4549,92.48324584960938
4551,94.7230453491211
4554,103.34265899658203
4556,113.59449768066406
4559,113.08297729492188
4561,111.91512298583984
4562,112.0880355834961
4566,113.99671173095703
4569,93.1943359375
4570,111.95745086669922
4573,94.430908203125
4574,103.17030334472656
4575,94.09699249267578
4577,94.80171966552734
4578,111.32050323486328
4580,112.4766845703125
4582,92.96420288085938
4583,112.70672607421875
4585,94.48116302490234
4587,103.56021118164062
4595,92.74031066894531
4596,113.13184356689453
4601,93.83358001708984
4602,112.96988677978516
4603,94.30513000488281
4605,112.00442504882812
4606,92.80644226074219
4607,113.27832794189453
4608,93.72186279296875
4610,95.2835464477539
4613,103.51235961914062
4617,93.38385009765625
4618,111.28997802734375
4619,93.05955505371094
4620,94.29540252685547
4622,93.8309555053711
4625,93.98423767089844
4626,103.56021118164062
4627,94.5306625366211
4629,94.18659210205078
4631,93.05381774902344
4633,103.56021118164062
4634,112.48171997070312
4635,94.15169525146484
4639,93.78832244873047
4640,105.341796875
4642,102.98211669921875
4644,113.29920196533203
4646,103.56021118164062
4647,95.19025421142578
4648,78.55280303955078
4649,93.55412292480469
4650,113.61761474609375
4655,92.48324584960938
4660,93.6307144165039
4661,115.81856536865234
4662,92.14716339111328
4663,112.38236236572266
4665,93.98989868164062
4666,112.24527740478516
4667,103.54106903076172
4668,94.76632690429688
4670,93.60603332519531
4671,110.10348510742188
4672,94.64944458007812
4673,103.27725219726562
4675,104.05833435058594
4676,93.93573760986328
4677,109.9745101928711
4680,94.92431640625
4682,93.87184143066406
4683,115.0980453491211
4685,103.9876708984375
4686,94.22349548339844
4688,116.1962890625
4690,112.99461364746094
4692,114.07828521728516
4693,94.1768798828125
4697,93.75619506835938
4700,113.56072998046875
4702,113.46631622314453
4707,117.28624725341797
4708,94.43050384521484
4710,79.5822525024414
4716,94.18277740478516
4717,95.67929077148438
4718,95.74874114990234
4720,95.80291748046875
4721,78.62255096435547
4723,96.74869537353516
4726,112.79291534423828
4727,93.54663848876953
4729,95.9184341430664
4731,96.0525894165039
4732,115.37095642089844
4735,95.02188873291016
4736,103.96549224853516
4737,96.04499816894531
4738,112.02841186523438
4739,111.56885528564453
4744,104.12633514404297
4747,95.02349090576172
4749,114.94524383544922
4750,94.43050384521484
4752,115.6532974243164
4755,95.57515716552734
4756,103.15421295166016
4757,114.99329376220703
4758,95.32239532470703
4759,104.6046371459961
4763,95.67929077148438
4764,104.86812591552734
4765,94.28840637207031
4766,94.39433288574219
4767,115.56733703613281
4769,113.0115737915039
4770,95.57483673095703
4771,79.8863754272461
4772,104.92922973632812
4774,116.53257751464844
4776,112.59194946289062
4777,113.11214447021484
4778,96.23755645751953
4780,94.90927124023438
4784,95.60021209716797
4786,96.03042602539062
4787,78.68659210205078
4788,95.27129364013672
4789,115.6532974243164
4791,105.77032470703125
4792,94.76915740966797
4795,113.34221649169922
4796,92.87132263183594
4803,93.57540893554688
4805,96.54517364501953
4807,94.83905029296875
4809,93.93515014648438
4816,96.93376922607422
4817,78.99313354492188
4818,92.95201873779297
4820,95.8519058227539
4821,104.23748016357422
4823,112.65620422363281
4824,95.89509582519531
4825,113.2777328491211
4829,102.73226928710938
4830,97.97301483154297
4831,113.19346618652344
4833,104.58097076416016
4836,96.2120590209961
4837,116.1962890625
4838,93.77377319335938
4840,96.79106903076172
4841,78.58820343017578
4842,93.52617645263672
4843,112.7370376586914
4844,93.79890441894531
4849,103.91600799560547
4851,107.44597625732422
4852,94.73897552490234
4858,93.71372985839844
4860,97.97301483154297
4863,113.29157257080078
4864,96.031494140625
4865,111.90548706054688
4867,113.12759399414062
4868,95.27496337890625
4869,112.44541931152344
4873,93.96598815917969
4875,96.76715087890625
4876,114.1995620727539
4877,94.19770812988281
4878,111.24618530273438
4880,78.7298812866211
4886,116.14896392822266
4888,104.09370422363281
4889,97.5380859375
4890,118.1873779296875
4893,95.11199188232422
4895,95.53860473632812
4896,104.95549774169922
4899,94.629150390625
4901,94.72555541992188
4902,112.85277557373047
4903,94.90771484375
4904,115.6532974243164
4910,94.05269622802734
4912,93.16577911376953
4915,96.68295288085938
4916,103.5444564819336
4917,95.95883178710938
4920,104.92922973632812
4927,103.3594741821289
4928,94.42376708984375
4931,103.7227783203125
4934,93.5738754272461
4936,95.52244567871094
4939,114.7022933959961
4942,118.24092864990234
4943,98.69686126708984
4944,104.03504180908203
4945,95.702392578125
4947,111.20696258544922
4948,94.18622589111328
4951,94.52169036865234
4952,115.6532974243164
4953,93.89495849609375
4956,94.90771484375
4957,118.32328796386719
4958,94.67330169677734
4960,94.71395874023438
4968,93.90966796875
4969,105.84381866455078
4971,104.34326171875
4973,115.74957275390625
4975,114.97803497314453
4976,97.11863708496094
4978,93.90473937988281
4979,113.10860443115234
4982,96.05083465576172
4983,111.44450378417969
4984,94.49299621582031
4985,117.49755859375
4986,93.53076934814453
4987,116.46029663085938
4988,95.0644760131836
4994,94.98004913330078
4995,96.79144287109375
5002,79.99950408935547
5004,94.76299285888672
5005,103.3529052734375
5006,96.01275634765625
5007,104.0094985961914
5009,113.55799865722656
5011,115.74957275390625
5014,94.52428436279297
5015,103.63163757324219
5018,94.95121765136719
5019,113.47216033935547
5020,93.03942108154297
5021,112.7722396850586
5022,95.0054931640625
5023,94.67732238769531
5025,97.80377960205078
5032,96.2257308959961
5034,96.52024841308594
5036,93.41323852539062
5038,95.96137237548828
5039,114.14952850341797
5046,96.4771499633789
5049,113.47216033935547
5051,95.84945678710938
5052,93.79320526123047
5053,116.53257751464844
5054,97.75907897949219
5055,96.1056900024414
5057,94.0137710571289
5059,93.94642639160156
5062,97.26739501953125
5063,114.0679702758789
5065,114.91555786132812
5069,94.18305206298828
5071,96.36003875732422
5074,114.2641830444336
5075,94.63253021240234
5076,116.1864013671875
5077,78.6711654663086
5079,102.7843246459961
5080,95.3024673461914
5081,115.44384002685547
5083,102.91886901855469
5088,105.86210632324219
5089,96.01473999023438
5093,111.7539291381836
5094,105.30534362792969
5095,97.03006744384766
5099,110.22270202636719
5101,112.56573486328125
5103,103.65319061279297
5104,93.48191833496094
5105,112.69419860839844
5107,93.40459442138672
5108,113.75126647949219
5109,93.86962890625
5111,93.22102355957031
5112,111.23837280273438
5113,93.85134887695312
5114,111.18352508544922
5115,94.78472900390625
5118,94.25960540771484
5122,95.54716491699219
5123,78.55909729003906
5125,94.27454376220703
5127,103.8262939453125
5128,94.67198181152344
5129,115.08010864257812
5132,94.74851989746094
5134,112.5185775756836
5135,94.12892150878906
5137,111.83304595947266
5142,93.20853424072266
5143,102.41727447509766
5144,94.292724609375
5148,93.50106811523438
5149,94.62017059326172
5150,104.13641357421875
5154,78.28350830078125
5155,93.94737243652344
5159,94.1048812866211
5164,94.68612670898438
5165,113.06143951416016
5166,93.27252197265625
5167,113.75695037841797
5169,93.13516235351562
5171,93.09418487548828
5172,111.88417053222656
5176,94.15827178955078
5184,111.52967834472656
5185,93.77196502685547
5186,111.41726684570312
5188,104.12052154541016
5189,112.49855041503906
5190,92.7678451538086
5191,113.06143951416016
5193,112.39517211914062
5196,94.42049407958984
5199,79.47784423828125
5200,103.77871704101562
5203,92.61117553710938
5204,111.42225646972656
5205,93.10248565673828
5207,93.82466888427734
5208,97.05694580078125
5212,94.6874008178711
5214,94.36785888671875
5218,92.37369537353516
5220,94.49896240234375
5222,92.77625274658203
5224,94.88887786865234
5225,103.56021118164062
5227,110.5991439819336
5229,104.31674194335938
5232,92.42268371582031
5233,116.46674346923828
5234,103.01042938232422
5237,111.95745086669922
5239,111.60562896728516
5240,92.53755187988281
5241,112.2423095703125
5244,93.56165313720703
5248,112.1455307006836
5251,92.324462890625
5253,93.98423767089844
5255,94.5221939086914
5256,103.31141662597656
5257,94.41917419433594
5259,94.94188690185547
5260,113.92841339111328
5266,94.26923370361328
5268,93.33633422851562
5275,112.08199310302734
5276,112.87618255615234
5277,94.15277862548828
5279,94.61957550048828
5280,103.5325927734375
5281,94.09168243408203
5283,93.85270690917969
5284,78.45449829101562
5285,95.1660385131836
5286,102.30169677734375
5287,93.24380493164062
5289,93.43525695800781
5290,112.39517211914062
5292,105.58831787109375
5293,94.12506103515625
5294,101.8642349243164
5297,93.56192016601562
5299,103.9122543334961
5302,94.66404724121094
5305,77.91268157958984
5306,94.44224548339844
5308,93.74842071533203
5309,94.3813247680664
5310,112.51278686523438
5312,112.3317642211914
5316,113.99732208251953
5317,93.78800964355469
5319,78.30260467529297
5320,95.59819030761719
5323,93.41400909423828
5329,112.74408721923828
5331,111.28767395019531
5334,111.79872131347656
5336,112.64097595214844
5338,104.12543487548828
5341,95.80278015136719
5345,95.23236846923828
5348,93.49156188964844
5349,112.90354919433594
5355,103.84539031982422
5356,94.23648071289062
5360,104.400390625
5362,110.74739074707031
5364,113.541015625
5366,103.39356994628906
5367,94.97222137451172
5368,94.2874984741211
5370,94.70423889160156
5371,78.29806518554688
5373,103.57202911376953
5375,111.95745086669922
5376,92.70804595947266
5378,113.3077621459961
5379,95.73947143554688
5383,93.83954620361328
5384,102.61911010742188
5389,111.73849487304688
5391,78.19600677490234
5393,110.75048065185547
5395,114.31426239013672
5397,111.61626434326172
5398,93.3406982421875
5399,113.10474395751953
5401,117.02212524414062
5402,92.6837387084961
5403,113.07188415527344
5404,92.94771575927734
5407,78.19940185546875
5408,93.9384536743164
5413,111.2637939453125
5414,93.5983657836914
5417,94.14515686035156
5418,105.58831787109375
5420,113.878662109375
5421,93.0138168334961
5424,94.32889556884766
5425,111.42225646972656
5426,93.44160461425781
5429,113.28742980957031
5431,94.51212310791016
5437,102.26210021972656
5440,92.22180938720703
5444,105.53374481201172
5446,103.51385498046875
5447,94.4900894165039
5451,93.82633972167969
5452,105.344482421875
5455,103.01042938232422
5456,93.31915283203125
5458,93.7051010131836
5459,112.58230590820312
5460,94.80601501464844
5462,94.37727355957031
5463,112.43740844726562
5464,92.8805923461914
5465,112.74810028076172
5466,94.93868255615234
5467,103.701904296875
5468,94.57035064697266
5469,112.38236236572266
5472,95.14595794677734
5474,93.28349304199219
5475,113.6600341796875
5476,95.22714233398438
5479,104.30298614501953
5480,112.20796966552734
5482,112.18303680419922
5485,92.546875
5486,116.88168334960938
5488,78.90099334716797
5495,104.31674194335938
5496,95.37311553955078
5497,112.08123779296875
5499,112.6020736694336
5503,93.37939453125
5504,93.899169921875
5507,95.55347442626953
5509,93.4620590209961
5511,93.4485855102539
5512,111.99305725097656
5516,111.7677993774414
5517,95.28070068359375
5518,104.58218383789062
5521,94.4587631225586
5522,104.0541763305664
5527,95.23971557617188
5528,93.85650634765625
5529,112.00135803222656
5532,93.43331909179688
5533,113.8304672241211
5535,104.33462524414062
5536,93.67192077636719
5540,93.43093872070312
5547,94.14629364013672
5548,112.04376983642578
5550,78.26971435546875
5551,93.41436767578125
5554,110.89028930664062
5555,95.07020568847656
5559,111.78742980957031
5560,93.2421875
5561,112.72412872314453
5562,92.55106353759766
5563,114.0019760131836
5565,78.9923324584961
5566,94.3674545288086
5567,103.67469787597656
5568,94.03316497802734
5572,94.0810317993164
5574,94.21096801757812
5576,94.09576416015625
5579,112.33062744140625
5580,79.91036987304688
5581,93.87554931640625
5583,94.07014465332031
5584,112.7873764038086
5586,112.43070220947266
5587,94.51212310791016
5589,102.29509735107422
5591,103.47026062011719
5592,93.0225601196289
5593,113.75591278076172
5594,94.08048248291016
5595,78.68515014648438
5596,112.81771087646484
5597,112.25186920166016
5598,115.7138900756836
5599,94.41885375976562
5602,112.41902160644531
5603,94.08048248291016
5605,92.88815307617188
5607,92.84510040283203
5608,113.29075622558594
5609,92.99369049072266
5610,92.9492416381836
5612,93.36107635498047
5613,112.49855041503906
5614,93.24110412597656
5616,93.96662139892578
5621,94.8646011352539
5623,94.60161590576172
5628,112.59855651855469
5629,94.06339263916016
5631,96.7213363647461
5633,94.49063110351562
5638,104.87166595458984
5639,94.40142822265625
5640,103.9193115234375
5645,93.7897720336914
5646,78.5978775024414
5649,94.26954650878906
5653,112.2238998413086
5655,113.04534149169922
5656,94.75851440429688
5658,94.5099868774414
5662,117.02212524414062
5663,92.81431579589844
5667,93.293701171875
5670,94.41885375976562
5671,102.18915557861328
5672,94.66112518310547
5673,103.42613220214844
5674,94.16117858886719
5675,103.5694351196289
5676,94.82593536376953
5679,113.0381088256836
5683,112.8324203491211
5687,93.70551300048828
5688,77.95916748046875
5690,93.97332000732422
5691,112.53860473632812
5692,92.83843231201172
5693,112.84159851074219
5694,94.11177062988281
5697,112.2833023071289
5698,92.61746978759766
5699,112.6174087524414
5704,94.01589965820312
5707,113.0381088256836
5709,102.91871643066406
5710,94.35530853271484
5714,93.43894958496094
5718,93.67430877685547
5721,94.78399658203125
5723,94.37286376953125
5724,113.24842071533203
5725,93.98423767089844
5726,112.13388061523438
5729,96.52754974365234
5730,104.59300994873047
5731,93.9917984008789
5733,77.96654510498047
5736,93.16321563720703
5741,103.73006439208984
5745,112.23021697998047
5747,94.50611114501953
5748,105.50921630859375
5750,111.93090057373047
5751,94.16729736328125
5752,93.31915283203125
5754,93.2325668334961
5755,93.92646026611328
5757,94.61561584472656
5758,116.23966217041016
5760,104.2715072631836
5762,103.36351013183594
5766,111.02743530273438
5768,96.50094604492188
5769,116.46674346923828
5770,93.21046447753906
5771,112.11608123779297
5772,93.22740173339844
5773,110.12812805175781
5774,93.9211654663086
5776,93.12999725341797
5777,112.6174087524414
5778,93.04973602294922
5780,112.53714752197266
5782,93.21536254882812
5783,78.24847412109375
5784,95.6454086303711
5786,95.0822525024414
5788,94.29417419433594
5789,112.89323425292969
5790,94.32176208496094
5791,104.31674194335938
5793,105.02095031738281
5794,93.89989471435547
5796,116.23558044433594
5797,94.08892059326172
5801,93.46430969238281
5803,93.70551300048828
5804,112.01380157470703
5805,93.2277603149414
5806,78.3274154663086
5808,112.15130615234375
5813,94.14352416992188
5815,94.02999114990234
5816,104.07646942138672
5822,95.3225326538086
5823,111.81776428222656
5825,103.6409683227539
5827,112.20381927490234
5829,102.29509735107422
5830,95.01318359375
5831,112.5046157836914
5832,93.875732421875
5833,112.15130615234375
5837,113.04572296142578
5838,95.6520004272461
5839,94.56797790527344
5842,103.9193115234375
5844,112.09213256835938
5845,102.91549682617188
5846,112.54505157470703
5848,78.30509948730469
5850,112.12783813476562
5851,92.55392456054688
5853,96.50094604492188
5854,103.85623931884766
5858,103.9193115234375
5860,112.07035064697266
5864,104.20260620117188
5866,93.74747467041016
5867,113.0381088256836
5868,93.01045227050781
5869,112.35733032226562
5870,93.33251190185547
5871,112.56519317626953
5874,113.06143951416016
5876,112.50017547607422
5877,91.98811340332031
5878,93.28619384765625
5879,112.2423095703125
5880,93.36355590820312
5884,93.2860107421875
5886,111.42225646972656
5890,94.17288208007812
5896,94.40675354003906
5897,103.5409164428711
5898,96.50094604492188
5901,104.10037231445312
5903,113.18763732910156
5906,92.9492416381836
5908,112.20796966552734
5909,92.8317642211914
5910,112.49855041503906
5911,93.78294372558594
5912,113.541015625
5914,113.06143951416016
5919,112.42194366455078
5924,95.06924438476562
5926,93.95226287841797
5929,103.7030029296875
5930,94.3143539428711
5932,95.58740997314453
5933,114.46881866455078
5934,93.30363464355469
5935,112.19728088378906
5936,93.64352416992188
5937,111.94538879394531
5938,94.76847076416016
5939,110.15106964111328
5942,112.88231658935547
5943,94.25605773925781
5944,103.23101806640625
5946,112.58143615722656
5951,92.30181121826172
5953,103.5444107055664
5954,94.38164520263672
5957,104.39119720458984
5961,95.56852722167969
5962,104.9827880859375
5964,78.96819305419922
5965,93.91487121582031
5968,113.05931854248047
5969,93.36787414550781
5974,93.4059066772461
5975,112.39452362060547
5978,78.27436065673828
5981,104.55746459960938
5982,95.21543884277344
5983,113.43193817138672
5989,110.53610229492188
5991,94.32994079589844
5992,103.3539047241211
5995,95.25160217285156
5996,103.32276153564453
5997,112.44108581542969
5998,93.86958312988281
5999,78.45446014404297
6001,112.2959976196289
6002,93.80567932128906
6003,111.17609405517578
6004,94.38164520263672
6006,113.73146057128906
6007,94.03466033935547
6011,93.92542266845703
6012,103.40746307373047
6014,93.87319946289062
6015,103.10406494140625
6016,94.4591293334961
6017,111.64118194580078
6018,96.52973175048828
6024,94.87442779541016
6025,104.14588928222656
6026,113.64827728271484
6028,112.50444793701172
6029,78.82266235351562
6030,94.1578140258789
6036,113.05931854248047
6040,93.38555908203125
6041,112.53914642333984
6042,93.67760467529297
6044,93.49309539794922
6045,104.34416961669922
6047,104.11625671386719
6048,93.47696685791016
6049,112.14213562011719
6051,116.17002868652344
6052,113.52998352050781
6053,92.02620697021484
6054,112.47804260253906
6058,104.90034484863281
6059,94.38496398925781
6062,95.62670135498047
6063,116.28881072998047
6064,103.45551300048828
6065,93.38555908203125
6067,93.79564666748047
6068,112.46733093261719
6070,104.09014892578125
6071,95.50385284423828
6072,111.37396240234375
6080,111.37396240234375
6081,94.49076843261719
6084,104.4532241821289
6087,94.18590545654297
6089,104.80494689941406
6092,111.37396240234375
6094,93.17376708984375
6095,113.43640899658203
6097,117.90559387207031
6100,94.01463317871094
6104,104.12808990478516
6105,93.42188262939453
6106,111.80684661865234
6107,78.59040069580078
6108,93.251220703125
6109,111.37396240234375
6110,93.34906768798828
6114,111.37396240234375
6116,93.99958801269531
6117,103.8082046508789
6118,94.59208679199219
6123,78.11368560791016
6125,113.82581329345703
6128,113.29505920410156
6130,103.96939849853516
6132,111.50355529785156
6137,78.08758544921875
6139,115.05648040771484
6140,92.86304473876953
6141,117.42366790771484
6142,103.8156509399414
6144,105.09068298339844
6145,95.01194763183594
6146,93.91134643554688
6149,92.83865356445312
6156,93.71417999267578
6159,113.28791809082031
6160,92.86304473876953
6162,103.43195343017578
6164,112.82905578613281
6165,92.92997741699219
6168,78.01588439941406
6169,112.18077087402344
6170,94.8843994140625
6171,112.80756378173828
6172,92.15498352050781
6173,111.73150634765625
6176,96.55633544921875
6177,91.71215057373047
6178,94.74613952636719
6180,94.34780883789062
6181,103.52347564697266
6182,94.33267211914062
6185,93.12667846679688
6186,112.32992553710938
6188,112.0903549194336
6189,94.5876235961914
6192,104.4532241821289
6193,94.42376708984375
6194,104.34416961669922
6195,93.80934143066406
6196,116.27678680419922
6197,93.27000427246094
6201,111.77629852294922
6202,93.36454010009766
6203,112.82227325439453
6204,93.36652374267578
6207,117.77344512939453
6209,94.50529479980469
6210,92.4843978881836
6211,112.12325286865234
6213,112.19264221191406
6216,91.82291412353516
6217,92.61251068115234
6219,93.53347778320312
6222,78.33021545410156
6223,94.69944763183594
6235,95.59100341796875
6240,93.91007995605469
6242,93.70474243164062
6247,94.18595123291016
6251,111.50226593017578
6254,113.4207534790039
6255,94.7559585571289
6260,102.83040618896484
6261,93.76559448242188
6262,104.28229522705078
6264,112.4400634765625
6269,104.00749969482422
6271,104.16558837890625
6275,111.7751693725586
6276,94.04150390625
6278,95.11322784423828
6279,112.25969696044922
6281,114.1283950805664
6284,93.32401275634766
6286,94.46067810058594
6287,77.92562866210938
6288,93.65576171875
6292,93.3613510131836
6293,93.44989776611328
6295,94.16561889648438
6298,113.43013763427734
6300,111.99726104736328
6304,103.43245697021484
6308,112.8632583618164
6310,94.17311096191406
6312,111.37396240234375
6320,94.0281753540039
6324,93.13883972167969
6325,113.0972900390625
6330,94.24207305908203
6336,112.66509246826172
6340,103.89374542236328
6341,95.59100341796875
6342,105.31958770751953
6344,92.96800994873047
6345,112.66542053222656
6347,112.07320404052734
6348,94.70077514648438
6349,113.43013763427734
6351,78.26344299316406
6353,112.6334457397461
6354,93.3332290649414
6357,94.45225524902344
6358,104.38028717041016
6360,102.5424575805664
6363,112.86662292480469
6364,92.10404205322266
6368,112.51370239257812
6370,93.3549575805664
6371,93.30821990966797
6377,95.36746215820312
6379,94.25247192382812
6381,94.3985595703125
6382,78.01720428466797
6383,111.3741226196289
6388,111.66374206542969
6390,111.54867553710938
6392,102.16111755371094
6393,94.50328826904297
6395,93.88306427001953
6398,103.65413665771484
6401,78.03303527832031
6402,94.62290954589844
6403,111.99564361572266
6405,93.32207489013672
6406,92.66413116455078
6407,111.92163848876953
6409,103.61322784423828
6411,92.83118438720703
6413,93.78990173339844
6416,104.38822937011719
6417,93.43012237548828
6418,93.44940185546875
6419,116.69487762451172
6420,112.05331420898438
6426,112.05428314208984
6429,93.34834289550781
6430,93.1758804321289
6431,111.99564361572266
6432,94.43514251708984
6434,95.74878692626953
6437,112.36197662353516
6438,93.76179504394531
6439,103.01504516601562
6440,94.21514129638672
6441,94.67298889160156
6442,110.86654663085938
6443,94.03723907470703
6445,93.912109375
6448,111.55120086669922
6450,112.0611801147461
6453,95.08738708496094
6455,92.88130950927734
6457,92.90328979492188
6458,112.21709442138672
6461,93.64068603515625
6464,111.6602554321289
6467,93.13008880615234
6469,94.39651489257812
6470,78.51248931884766
6471,92.90978240966797
6473,102.85724639892578
6474,93.450927734375
6479,93.6856460571289
6481,95.63490295410156
6484,111.82857513427734
6495,96.64918518066406
6496,111.8580093383789
6505,111.23339080810547
6506,95.9874038696289
6508,95.80125427246094
6509,93.37579345703125
6510,103.89354705810547
6512,104.13195037841797
6513,93.32148742675781
6514,112.42870330810547
6515,93.12483978271484
6519,94.22158813476562
6521,93.2887954711914
6523,77.99282836914062
6525,104.03609466552734
6526,94.52879333496094
6528,94.758056640625
6529,112.98504638671875
6531,102.93408203125
6533,104.16975402832031
6534,93.37345123291016
6535,111.8858871459961
6536,93.34515380859375
6537,112.5457534790039
6540,93.81847381591797
6541,111.3741226196289
6547,94.4635009765625
6548,112.10750579833984
6551,111.97193908691406
6553,111.35157012939453
6555,104.58183288574219
6556,94.85257720947266
6561,78.07630920410156
6564,93.87360382080078
6565,111.8858871459961
6568,93.89066314697266
6569,110.86654663085938
6573,106.17937469482422
6574,94.1578140258789
6577,111.9260025024414
6579,112.21672058105469
6581,93.17327880859375
6582,112.07557678222656
6585,104.76428985595703
6586,94.06430053710938
6589,104.32949829101562
6590,78.09795379638672
6593,93.13713836669922
6594,111.39437866210938
6595,92.10684204101562
6599,92.81507873535156
6600,94.56880187988281
6601,114.24555206298828
6602,91.77698516845703
6603,111.55120086669922
6604,94.7962875366211
6607,103.50114440917969
6608,105.65496826171875
6609,93.60770416259766
6611,92.81279754638672
6613,110.86654663085938
6614,93.36152648925781
6616,93.0261001586914
6617,110.86654663085938
6618,93.594482421875
6619,102.74453735351562
6621,104.58183288574219
6627,103.31698608398438
6629,110.57296752929688
6631,78.01860046386719
6634,93.95638275146484
6636,93.57328796386719
6638,93.89066314697266
6639,110.86654663085938
6641,111.17009735107422
6642,93.83443450927734
6651,114.30299377441406
6654,78.34530639648438
6657,93.85139465332031
6663,93.1204833984375
6665,111.26727294921875
6666,93.86546325683594
6668,93.44818115234375
6669,104.82472229003906
6670,93.5909194946289
6671,94.18522644042969
6673,93.42085266113281
6675,93.97427368164062
6676,78.01720428466797
6677,93.49976348876953
6679,94.27709197998047
6680,111.45539093017578
6681,103.89354705810547
6685,103.9072494506836
6688,93.83158874511719
6689,92.03179931640625
6690,110.64923095703125
6692,110.86654663085938
6693,94.62176513671875
6694,93.66239166259766
6698,116.70795440673828
6699,93.01305389404297
6700,111.08941650390625
6701,92.90328979492188
6702,111.31669616699219
6704,92.03179931640625
6707,111.07103729248047
6712,111.76393127441406
6713,93.03080749511719
6715,93.6067123413086
6721,112.08377075195312
6722,92.8585205078125
6723,112.49665832519531
6724,94.82593536376953
6725,116.5084228515625
6731,112.53319549560547
6735,79.66374969482422
6736,93.83027648925781
6737,105.67037963867188
6738,95.10260009765625
6739,103.44853973388672
6741,103.9205093383789
6743,93.3719253540039
6745,93.44818115234375
6747,112.0473861694336
6749,93.09602355957031
6750,103.5324935913086
6751,115.4768295288086
6752,94.11785125732422
6753,110.86654663085938
6755,110.4716567993164
6756,93.10688781738281
6757,102.71614837646484
6759,111.90984344482422
6761,92.87826538085938
6763,92.90978240966797
6764,115.97837829589844
6765,93.64641571044922
6766,112.38555145263672
6768,113.0009765625
6771,92.03179931640625
6773,93.5780258178711
6774,93.74891662597656
6778,103.19916534423828
6779,95.9236068725586
6781,92.28054809570312
6784,96.13921356201172
6786,92.1710205078125
6787,111.28338623046875
6790,92.26622772216797
6793,103.62409973144531
6795,109.94154357910156
6798,111.59768676757812
6806,102.54833221435547
6807,93.57720947265625
6810,93.02771759033203
6815,109.34552764892578
6816,92.46389770507812
6817,101.86732482910156
6818,93.63138580322266
6819,102.44435119628906
6820,93.73202514648438
6822,93.31510162353516
6823,114.03296661376953
6824,110.48458099365234
6825,93.01789855957031
6828,77.419677734375
6829,111.21380615234375
6831,109.9559326171875
6832,92.18292236328125
6833,110.60617065429688
6834,91.7984390258789
6836,93.17520904541016
6837,110.94482421875
6838,91.1733169555664
6840,102.99372100830078
6843,91.51390838623047
6845,90.74989318847656
6846,91.74690246582031
6847,109.88908386230469
6851,111.23056030273438
6852,92.92868041992188
6853,112.29513549804688
6858,93.4750747680664
6861,111.13074493408203
6863,113.56012725830078
6864,77.36771392822266
6865,92.66560363769531
6866,110.54444885253906
6867,94.35417175292969
6868,102.09822082519531
6869,93.619384765625
6870,110.48458099365234
6874,108.9203109741211
6875,92.74205017089844
6877,111.67362976074219
6878,91.94834899902344
6880,95.0796890258789
6883,110.824951171875
6884,92.84921264648438
6886,93.34519958496094
6890,93.62755584716797
6893,111.31005859375
6894,92.47517395019531
6899,111.67362976074219
6900,92.34288787841797
6904,95.47698211669922
6905,110.66051483154297
6906,91.8204345703125
6910,91.58306121826172
6912,104.37812805175781
6913,113.6851806640625
6920,92.32917785644531
6922,92.98751068115234
6923,109.94154357910156
6926,93.60540008544922
6927,109.97932434082031
6928,92.23030090332031
6931,110.32595825195312
6933,93.3987045288086
6936,91.33731079101562
6937,110.65119934082031
6939,109.85846710205078
6941,92.55918884277344
6942,108.84413146972656
6943,94.06285095214844
6944,101.36367797851562
6945,94.6513671875
6946,111.00260162353516
6947,114.17182922363281
6949,102.427978515625
6951,102.74642181396484
6953,108.91082763671875
6954,92.72019958496094
6955,111.14073944091797
6963,109.93805694580078
6964,93.96408081054688
6966,93.0997085571289
6968,91.90908813476562
6970,101.86280822753906
6972,109.41016387939453
6976,110.50446319580078
6978,110.54444885253906
6981,100.64726257324219
6985,102.40228271484375
6986,92.10550689697266
6987,110.9261474609375
6989,112.55127716064453
6991,114.03296661376953
6993,111.44546508789062
6994,93.07449340820312
6995,111.67362976074219
6996,93.7506332397461
6997,111.3155746459961
6998,78.57594299316406
7001,110.3538818359375
7003,109.19693756103516
7006,93.95977783203125
7008,93.01498413085938
7010,91.02044677734375
7011,93.88328552246094
7012,108.84203338623047
7013,93.23212432861328
7014,110.618408203125
7017,103.31698608398438
7018,95.44961547851562
7019,90.73152160644531
7023,93.24870300292969
7024,103.11324310302734
7025,92.09969329833984
7026,110.98294830322266
7027,91.97955322265625
7028,109.79167175292969
7030,109.94154357910156
7031,91.73907470703125
7033,111.19422912597656
7036,92.10759735107422
7037,93.27175903320312
7039,93.49394989013672
7044,92.14480590820312
7045,110.94482421875
7046,93.73270416259766
7049,102.1192626953125
7050,94.14398193359375
7051,101.86280822753906
7054,110.49632263183594
7055,93.60702514648438
7057,92.92012786865234
7060,111.67362976074219
7061,96.31742858886719
7063,91.27784729003906
7064,109.96000671386719
7067,95.0796890258789
7071,92.41390991210938
7074,101.39984893798828
7075,93.920166015625
7078,110.94482421875
7079,90.70370483398438
7080,110.63459014892578
7081,92.83538818359375
7082,111.69093322753906
7083,93.20094299316406
7085,113.56160736083984
7092,102.44435119628906
7094,93.66862487792969
7100,92.05482482910156
7101,110.71478271484375
7102,110.54444885253906
7104,110.93302917480469
7105,96.31742858886719
7106,94.72368621826172
7107,101.14869689941406
7108,77.46456146240234
7109,92.03703308105469
7110,110.65119934082031
7112,93.19442749023438
7113,102.50696563720703
7114,92.95040893554688
7116,111.27477264404297
7117,95.45260620117188
7118,100.78573608398438
7120,93.63319396972656
7121,102.32312774658203
7123,101.51329040527344
7124,93.29383087158203
7127,101.81137084960938
7131,101.5008773803711
7132,93.63138580322266
7133,90.93172454833984
7134,110.9637222290039
7135,92.0352554321289
7136,110.87715911865234
7137,91.70471954345703
7141,92.40642547607422
7144,102.40987396240234
7147,109.57465362548828
7148,92.13179779052734
7150,92.24679565429688
7151,93.63319396972656
7152,102.28982543945312
7154,93.0525131225586
7156,92.98038482666016
7157,101.64688110351562
7159,114.06204223632812
7161,94.43605041503906
7163,93.51963806152344
7164,101.54849243164062
7167,77.34847259521484
7169,101.67693328857422
7170,93.01448822021484
7173,93.66108703613281
7174,101.16107177734375
7177,109.57728576660156
7178,102.30731201171875
7179,93.30660247802734
7180,77.76591491699219
7181,110.38977813720703
7182,93.06157684326172
7184,94.92729187011719
7185,111.3026123046875
7186,92.0617904663086
7187,114.10078430175781
7188,92.63095092773438
7189,110.73103332519531
7191,101.62451171875
7193,110.24407196044922
7197,93.7225341796875
7199,92.15506744384766
7200,111.69093322753906
7201,92.0352554321289
7204,92.54816436767578
7207,110.38335418701172
7209,113.56012725830078
7210,93.37781524658203
7211,102.74893951416016
7213,93.05740356445312
7214,111.3155746459961
7216,111.3155746459961
7217,94.05953979492188
7220,111.4691162109375
7224,109.94154357910156
7225,93.50494384765625
7226,111.3155746459961
7227,93.90763092041016
7234,111.3026123046875
7236,77.84242248535156
7239,102.37556457519531
7240,92.6379623413086
7242,112.74202728271484
7244,111.13640594482422
7245,92.2348403930664
7247,110.48941802978516
7248,92.13348388671875
7249,115.70626831054688
7250,111.15560913085938
7251,93.73477935791016
7252,112.42967987060547
7253,77.68246459960938
7256,93.59525299072266
7260,91.90452575683594
7261,113.30802917480469
7264,94.31744384765625
7269,112.60787200927734
7270,92.84129333496094
7273,111.60171508789062
7279,93.05713653564453
7281,111.4862289428711
7284,95.7229995727539
7285,112.53893280029297
7286,115.55960845947266
7287,91.45662689208984
7289,92.81587982177734
7292,91.72687530517578
7293,111.62824249267578
7296,93.68889617919922
7297,112.16819763183594
7298,91.64409637451172
7299,112.96711730957031
7301,102.60928344726562
7304,111.06205749511719
7306,111.09818267822266
7308,92.81587982177734
7309,101.16691589355469
7312,91.62642669677734
7313,77.68246459960938
7314,93.09880828857422
7316,92.47120666503906
7319,111.2275619506836
7321,94.5123062133789
7323,92.93795013427734
7324,102.93769836425781
7325,93.30377197265625
7328,101.2611312866211
7330,77.5084228515625
7334,93.30377197265625
7337,112.09779357910156
7338,96.24284362792969
7339,92.91609954833984
7341,92.24061584472656
7342,112.09779357910156
7344,112.00841522216797
7345,111.1132583618164
7347,109.5876235961914
7349,111.4862289428711
7350,92.96666717529297
7353,111.33035278320312
7355,111.5674057006836
7356,92.68212890625
7357,112.90403747558594
7358,94.09100341796875
7360,92.70545196533203
7363,102.19515991210938
7364,93.78841400146484
7366,93.87319946289062
7368,93.86198425292969
7369,111.94188690185547
7370,92.1490707397461
7373,92.85637664794922
7374,111.01168060302734
7375,95.9721450805664
7377,93.28871154785156
7379,92.12455749511719
7380,116.53173065185547
7382,110.56812286376953
7383,92.95555877685547
7385,95.19561767578125
7386,103.90065002441406
7391,95.591552734375
7394,96.45911407470703
7396,111.15560913085938
7397,93.54042053222656
7399,93.24394226074219
7400,103.28565979003906
7403,77.44791412353516
7405,111.27246856689453
7408,110.62628173828125
7414,113.92720794677734
7416,101.25230407714844
7417,92.58769989013672
7419,92.8151626586914
7420,96.1137924194336
7421,92.91519927978516
7422,93.71092987060547
7423,102.03010559082031
7425,77.72525024414062
7430,93.07852935791016
7432,93.77105712890625
7433,93.99284362792969
7434,111.6490249633789
7436,109.89679718017578
7437,92.30603790283203
7438,103.79995727539062
7440,102.36737823486328
7441,93.35536193847656
7442,111.3792724609375
7445,111.51052856445312
7446,101.28307342529297
7448,113.10615539550781
7450,104.51725769042969
7451,92.55490112304688
7454,110.77083587646484
7455,92.4867172241211
7457,110.84750366210938
7459,101.61550903320312
7462,93.2165756225586
7464,92.55490112304688
7465,110.11450958251953
7466,92.76239013671875
7467,110.9152603149414
7469,112.64433288574219
7472,92.98857879638672
7473,110.51748657226562
7479,93.30377197265625
7480,103.02932739257812
7484,110.36688995361328
7491,93.08718872070312
7494,103.35231018066406
7495,95.57157135009766
7501,91.55825805664062
7503,92.65001678466797
7504,103.63178253173828
7505,93.7497787475586
7508,111.27557373046875
7509,91.70976257324219
7510,77.68246459960938
7511,112.27930450439453
7515,93.51819610595703
7516,104.13314819335938
7517,93.64203643798828
7518,104.30293273925781
7519,92.76592254638672
7521,94.46531677246094
7522,102.67174530029297
7524,102.85353088378906
7526,102.90132904052734
7527,93.11375427246094
7528,102.90776824951172
7529,93.60269165039062
7534,111.65751647949219
7537,113.00064849853516
7538,93.42539978027344
7540,93.26375579833984
7541,111.62211608886719
7545,111.3666763305664
7551,114.420654296875
7553,93.55204772949219
7554,102.53169250488281
7555,93.66316223144531
7561,111.68814086914062
7562,94.1357192993164
7564,93.07193756103516
7565,103.32917785644531
7566,93.42143249511719
7567,112.70943450927734
7569,101.62690734863281
7570,94.94998168945312
7571,113.99309539794922
7572,92.54656219482422
7574,102.63191223144531
7578,111.5787353515625
7579,92.6729736328125
7586,91.57966613769531
7587,79.81883239746094
7590,92.904541015625
7593,110.51748657226562
7594,93.71580505371094
7595,93.42143249511719
7600,92.35833740234375
7601,81.22293853759766
7602,93.04582977294922
7603,112.38944244384766
7604,92.29878997802734
7606,92.55369567871094
7608,114.13459777832031
7613,77.68921661376953
7615,111.38312530517578
7616,109.9050521850586
7617,112.16716766357422
7618,93.11375427246094
7619,102.86927795410156
7622,94.80067443847656
7623,102.88963317871094
7624,93.73545837402344
7625,103.0054702758789
7626,93.26272583007812
7627,103.76882934570312
7628,78.43840026855469
7631,103.61482238769531
7632,103.64545440673828
7633,93.4654312133789
7634,108.29444122314453
7635,92.2904281616211
7636,112.11376190185547
7637,112.11376190185547
7639,92.20381164550781
7640,77.69136047363281
7644,112.60289001464844
7645,92.34066009521484
7648,103.23797607421875
7649,93.64009857177734
7650,111.47356414794922
7652,110.11450958251953
7653,91.99835205078125
7655,92.94041442871094
7659,111.4251480102539
7662,94.61917114257812
7664,92.69222259521484
7666,94.51831817626953
7668,93.1093521118164
7669,108.92916870117188
7670,93.4327392578125
7672,93.63418579101562
7673,111.8202896118164
7678,92.60135650634766
7679,77.99441528320312
7680,103.20100402832031
7683,92.09818267822266
7685,115.55960845947266
7688,93.29275512695312
7690,109.8219985961914
7692,92.83690643310547
7693,96.21900939941406
7695,112.09779357910156
7696,95.25192260742188
7698,93.04547119140625
7699,111.88847351074219
7702,93.11442565917969
7703,112.11376190185547
7704,93.90193176269531
7707,112.27930450439453
7713,77.85723114013672
7715,102.5942153930664
7717,109.81549835205078
7718,91.63198852539062
7719,101.93660736083984
7721,106.16777038574219
7722,91.69221496582031
7725,100.9314956665039
7727,101.02174377441406
7730,77.23226165771484
7733,90.40740203857422
7735,100.97087097167969
7740,110.79930114746094
7741,110.98663330078125
7742,91.4832534790039
7744,110.3097152709961
7747,94.20193481445312
7750,76.60257720947266
7752,111.45854949951172
7754,110.59696197509766
7756,104.767822265625
7757,90.75501251220703
7758,103.62525177001953
7760,102.08941650390625
7761,91.28479766845703
7763,110.52296447753906
7765,92.02904510498047
7767,110.79930114746094
7768,92.59153747558594
7771,91.18887329101562
7773,89.89179992675781
7774,113.14315795898438
7776,102.70121765136719
7779,90.99026489257812
7783,90.87921905517578
7786,104.089599609375
7787,92.91757202148438
7789,92.02239227294922
7791,92.9791259765625
7793,94.66619110107422
7794,109.83214569091797
7795,91.20281219482422
7799,76.46183013916016
7800,110.66727447509766
7802,91.98412322998047
7805,109.73632049560547
7807,100.5053939819336
7808,92.6512222290039
7811,102.25856018066406
7817,108.41943359375
7818,102.37354278564453
7819,91.10029602050781
7822,90.9472885131836
7823,109.76948547363281
7825,111.36511993408203
7828,90.74394226074219
7832,90.88890838623047
7833,76.66558074951172
7834,109.14781188964844
7835,91.55618286132812
7837,91.31340789794922
7840,90.53441619873047
7842,91.56602478027344
7843,112.00550842285156
7844,91.45935821533203
7846,91.28479766845703
7850,91.00140380859375
7853,110.14041900634766
7855,112.69322204589844
7858,91.8486328125
7863,110.30769348144531
7865,110.43865966796875
7866,90.79637145996094
7868,90.62088012695312
7869,110.57801818847656
7871,76.45381927490234
7872,100.646728515625
7874,102.41539764404297
7877,110.43244171142578
7878,91.28678131103516
7879,110.33699798583984
7881,91.71409606933594
7883,91.74800872802734
7885,103.72662353515625
7886,92.22323608398438
7889,92.23603820800781
7890,104.74250030517578
7891,91.62841033935547
7893,92.02474212646484
7894,100.77748107910156
7896,110.12287902832031
7898,101.04767608642578
7901,93.5112533569336
7902,108.18354034423828
7904,110.92139434814453
7905,90.99026489257812
7906,109.03977966308594
7909,91.34938049316406
7910,102.63462829589844
7913,91.17893981933594
7918,111.0135498046875
7919,91.15701293945312
7923,90.39341735839844
7925,91.00469970703125
7927,89.76156616210938
7930,92.03996276855469
7932,90.91077423095703
7933,90.49601745605469
7935,91.36417388916016
7939,101.79180908203125
7942,90.96920776367188
7943,107.42678833007812
7945,100.87371826171875
7946,92.67489624023438
7948,94.2506103515625
7949,108.78605651855469
7950,91.5571060180664
7951,110.79930114746094
7955,102.07909393310547
7959,92.13406372070312
7960,110.79930114746094
7961,90.79934692382812
7962,101.81396484375
7964,100.82748413085938
7965,90.40727233886719
7966,111.20155334472656
7967,101.9676284790039
7968,92.24234771728516
7971,102.10824584960938
7974,91.15701293945312
7976,95.88664245605469
7978,110.00181579589844
7982,110.79930114746094
7983,91.47686004638672
7984,102.17390441894531
7986,92.1630630493164
7989,108.78605651855469
7991,108.18354034423828
7992,110.24678039550781
7993,91.6601333618164
7994,110.01261138916016
7995,90.88890838623047
7997,91.20083618164062
7998,102.17390441894531
7999,108.41943359375
8002,91.49930572509766
8007,92.71479034423828
8009,92.80689239501953
8011,91.80534362792969
8013,89.98702239990234
8015,101.76823425292969
8017,111.37197875976562
8019,113.90035247802734
8023,91.54060363769531
8024,111.03357696533203
8026,110.31221008300781
8027,90.51718139648438
8029,90.83113098144531
8030,110.3228759765625
8031,91.68827819824219
8033,91.28919982910156
8035,94.28495025634766
8036,104.4480972290039
8039,102.23748779296875
8042,90.1091537475586
8044,92.23381805419922
8046,77.25267028808594
8048,113.33474731445312
8049,90.99026489257812
8050,102.302734375
8053,92.14525604248047
8054,91.43590545654297
8059,90.70291900634766
8061,91.2626724243164
8062,111.08594512939453
8064,110.47442626953125
8066,102.24580383300781
8067,91.57344055175781
8068,92.02128601074219
8070,92.04768371582031
8071,111.30529022216797
8072,92.91622924804688
8076,90.92462158203125
8080,91.48731231689453
8081,111.40628051757812
8084,91.1651382446289
8087,110.94418334960938
8089,90.78262329101562
8090,114.15321350097656
8091,101.94347381591797
8094,115.20394134521484
8100,90.65194702148438
8101,91.92259979248047
8110,91.9619140625
8111,108.18354034423828
8112,92.36861419677734
8115,108.17344665527344
8116,91.72439575195312
8118,110.47442626953125
8121,114.9996566772461
8125,109.4000015258789
8127,110.21946716308594
8128,92.80380249023438
8129,108.10261535644531
8131,91.83787536621094
8138,92.24915313720703
8139,101.90087890625
8140,90.48065948486328
8141,89.89179992675781
8142,111.3067398071289
8143,111.74650573730469
8145,110.31221008300781
8146,90.6367416381836
8148,111.99553680419922
8153,110.71009826660156
8154,90.50426483154297
8155,109.509765625
8161,91.82725524902344
8162,110.2648696899414
8163,89.66311645507812
8166,111.84186553955078
8168,112.46273040771484
8170,93.2529296875
8172,110.30217742919922
8173,93.26569366455078
8176,104.22147369384766
8179,93.28304290771484
8181,94.14356994628906
8182,116.26017761230469
8184,112.16150665283203
8190,104.13641357421875
8191,94.69835662841797
8194,113.1457748413086
8196,109.67904663085938
8198,112.74772644042969
8199,111.7677993774414
8201,112.51132202148438
8202,93.12258911132812
8207,93.80748748779297
8208,110.20451354980469
8211,112.4851303100586
8214,111.13459014892578
8217,94.00792694091797
8218,112.23734283447266
8222,94.60639953613281
8229,105.4395523071289
8231,94.09730529785156
8233,94.75299072265625
8236,94.11748504638672
8238,113.04534149169922
8240,102.732421875
8243,102.64930725097656
8246,113.51539611816406
8250,94.6922378540039
8254,94.40274810791016
8256,77.95916748046875
8257,111.55994415283203
8258,93.44746398925781
8260,94.50311279296875
8261,114.34313201904297
8263,112.61898040771484
8264,94.8163833618164
8267,112.41431427001953
8268,92.30675506591797
8271,92.76212310791016
8272,110.20451354980469
8275,95.27105712890625
8276,94.55235290527344
8277,104.99243927001953
8278,115.99901580810547
8279,94.34617614746094
8280,112.312255859375
8281,94.78399658203125
8282,111.27477264404297
8287,112.4039306640625
8288,93.26569366455078
8289,112.86174011230469
8294,94.03089904785156
8296,93.23845672607422
8299,112.06339263916016
8302,104.0541763305664
8308,112.83415985107422
8314,103.90640258789062
8315,94.1175308227539
8316,109.65424346923828
8317,94.1948471069336
8319,112.15162658691406
8320,92.66948699951172
8321,117.38121795654297
8323,94.11626434326172
8325,94.68452453613281
8326,112.34548950195312
8328,110.30217742919922
8330,112.82807922363281
8331,93.17961120605469
8332,113.59809875488281
8334,94.67088317871094
8338,92.81055450439453
8339,95.97672271728516
8341,92.89997863769531
8345,112.58143615722656
8346,94.14356994628906
8347,103.25557708740234
8349,94.50151824951172
8351,94.40752410888672
8352,112.78184509277344
8353,110.30217742919922
8355,111.77790832519531
8358,110.50504302978516
8359,112.44920349121094
8360,94.32839965820312
8361,112.49010467529297
8363,103.10276794433594
8364,93.61992645263672
8365,94.65711212158203
8366,104.30298614501953
8370,112.4486083984375
8372,94.24284362792969
8376,93.92605590820312
8377,112.3484115600586
8379,112.1130599975586
8380,92.70545196533203
8381,115.30998992919922
8386,92.06671905517578
8388,103.26805114746094
8389,96.07415771484375
8391,112.7313461303711
8394,94.40274810791016
8396,104.12337493896484
8398,103.58394622802734
8400,113.09761810302734
8401,93.387451171875
8404,92.89997863769531
8407,94.74851989746094
8408,112.04376983642578
8409,110.47213745117188
8410,104.26658630371094
8411,93.5326156616211
8413,93.46183013916016
8414,111.97420501708984
8416,93.45922088623047
